rebalance_date,domain,basket_code,basket_name,basket_weight,n_contracts,avg_contract_weight,max_contract_weight,cash_weight,turnover,treasury_risk,broad_risk,top_5_contract_ids
2022-02-01,GENERAL,ADIT-X3,Major Economy Recession,0.1634,4,0.1925,0.1925,0.22999999999999998,0.45,0.0,0.0,"poly_will-the-next-recession-in-the-us-happen-by-q1-2022, poly_will-annual-inflation-in-the-european-union-be-5p3-or-more-in-january, poly_will-annual-inflation-in-the-european-union-be-5p5-or-more-in-january, poly_will-annual-inflation-in-the-european-union-be-5p7-or-more-in-january"
2022-02-01,GENERAL,ADIT-X4,Pandemic & Health Crisis,0.2818,15,0.05466666666666668,0.05676028368794328,0.18,0.4499999999999999,0.0,0.0,"poly_will-the-7-day-covid-19-case-average-in-the-usa-be-above-200000-on-march-1-2022, poly_will-france-have-a-higher-covid-19-case-average-per-capita-than-the-us-italy-and-spain-on-march-1st, poly_will-the-us-7-day-average-of-covid-19-cases-on-february-18-be-higher-than-on-february-25, poly_will-the-7-day-covid-19-case-average-be-below-100000-by-may-1-2022, poly_will-the-us-have-a-higher-covid-19-case-average-per-capita-than-france-italy-and-spain-on-march-1st"
2022-02-01,POLITICAL,ADIT-P3,EU Breakup Risk,0.301,3,0.25666666666666665,0.25666666666666665,0.22999999999999998,0.44999999999999996,0.0,0.0,"poly_will-annual-inflation-in-the-european-union-be-5p3-or-more-in-january, poly_will-annual-inflation-in-the-european-union-be-5p5-or-more-in-january, poly_will-annual-inflation-in-the-european-union-be-5p7-or-more-in-january"
2022-02-01,POLITICAL,ADIT-P4,US Governance,0.1973,4,0.1925,0.1925,0.22999999999999998,0.45,0.0,0.0,"poly_will-a-new-us-supreme-court-justice-be-confirmed-in-2022, poly_will-candace-jackson-akiwumi-be-the-next-nominee-for-supreme-court-justice, poly_will-j-michelle-childs-be-the-next-nominee-for-supreme-court-justice, poly_will-kamala-harris-be-the-next-nominee-for-supreme-court-justice"
2022-03-01,CONFLICT,ADIT-S2,Europe War & NATO Conflict,0.1252,2,0.385,0.385,0.22999999999999998,0.45,0.0,0.0,"poly_will-any-russian-institution-be-disconnected-from-swift-by-april-1, poly_will-the-russian-ruble-rub-fall-below-0p005-by-march-25"
2022-03-01,CONFLICT,ADIT-S4,US-China Conflict Escalation,0.2232,1,0.77,0.77,0.22999999999999998,0.45,0.0,0.0,poly_beijing-2022-winter-olympics-will-russia-have-any-medals-stripped-for-doping
2022-03-01,GENERAL,ADIT-X3,Major Economy Recession,0.1634,1,0.77,0.77,0.22999999999999998,0.6425000000000001,0.0,0.0,poly_will-the-next-recession-in-the-us-happen-by-q1-2022
2022-03-01,GENERAL,ADIT-X4,Pandemic & Health Crisis,0.2818,6,0.12833333333333333,0.12833333333333333,0.22999999999999998,0.7778836879432626,0.0,0.0,"poly_will-ecdc-announce-a-new-covid-19-variant-of-concern-before-august-2022, poly_will-the-7-day-covid-19-case-average-in-the-usa-be-below-25000-by-april-1, poly_will-the-7-day-covid-19-case-average-be-below-100000-by-april-1-2022, poly_will-the-7-day-covid-19-case-average-in-the-usa-be-below-50000-by-april-1-2022, poly_will-the-cdc-declare-a-variant-of-high-consequence-by-april-1-2022"
2022-03-01,POLITICAL,ADIT-P1,China Governance,0.0956,1,0.77,0.77,0.22999999999999998,0.45,0.0,0.0,poly_beijing-2022-winter-olympics-will-russia-have-any-medals-stripped-for-doping
2022-03-01,POLITICAL,ADIT-P4,US Governance,0.1973,1,0.77,0.77,0.22999999999999998,0.6425000000000001,0.0,0.0,poly_will-a-new-us-supreme-court-justice-be-confirmed-in-2022
2022-04-01,CONFLICT,ADIT-S2,Europe War & NATO Conflict,0.1252,12,0.06500000000000002,0.10920000000000005,0.22,0.8350000000000001,0.0,0.0,"poly_will-volodymyr-zelenskyy-and-vladimir-putin-meet-in-person-before-june-2022, poly_will-any-nato-member-country-invoke-article-5-by-june-30-2022, poly_will-nato-expand-in-2022, poly_will-nato-declare-a-no-fly-zone-over-any-ukrainian-territory-by-april-30-2022, poly_will-ukraine-become-a-european-union-candidate-country-by-july-31st"
2022-04-01,GENERAL,ADIT-X3,Major Economy Recession,0.1634,1,0.8357,0.8357,0.1643,0.065,0.0,0.0,poly_will-the-next-recession-in-the-us-happen-by-q1-2022
2022-04-01,GENERAL,ADIT-X4,Pandemic & Health Crisis,0.2818,3,0.25666666666666665,0.25666666666666665,0.22999999999999998,0.7066666666666667,0.0,0.0,"poly_will-ecdc-announce-a-new-covid-19-variant-of-concern-before-august-2022, poly_will-the-7-day-covid-19-case-average-in-the-usa-be-below-25000-by-may-1st-2022, poly_will-the-cdc-declare-a-variant-of-high-consequence-by-august-1-2022"
2022-04-01,POLITICAL,ADIT-P3,EU Breakup Risk,0.301,2,0.385,0.385,0.22999999999999998,0.45,0.0,0.0,"poly_will-ukraine-be-a-member-state-of-the-european-union-by-july-31-2022, poly_will-ukraine-become-a-european-union-candidate-country-by-july-31st"
2022-04-01,POLITICAL,ADIT-P4,US Governance,0.1973,3,0.25666666666666665,0.25666666666666665,0.22999999999999998,0.535,0.0,0.0,"poly_will-a-new-us-supreme-court-justice-be-confirmed-in-2022, poly_will-ketanji-jackson-brown-receive-53-or-more-votes-in-favor-of-her-confirmation-to-the-uptspt-supreme-court, poly_will-two-or-more-supreme-court-justices-be-nominated-in-2022"
2022-05-01,CONFLICT,ADIT-S2,Europe War & NATO Conflict,0.1252,11,0.07064401550520161,0.15379184290921502,0.2229158294427822,0.3314355883762827,0.0,0.0,"poly_will-any-nato-member-country-invoke-article-5-by-june-30-2022, poly_will-nato-expand-in-2022, poly_will-ukraine-become-a-european-union-candidate-country-by-july-31st, poly_will-ukraine-be-a-member-state-of-the-european-union-by-july-31-2022, poly_will-vladimir-putin-become-a-defendant-of-the-icc-before-2023"
2022-05-01,CONFLICT,ADIT-S4,US-China Conflict Escalation,0.2232,1,0.77,0.77,0.22999999999999998,0.45,0.0,0.0,poly_will-nancy-pelosi-visit-taiwan-before-june-2022
2022-05-01,GENERAL,ADIT-X4,Pandemic & Health Crisis,0.2818,6,0.12833333333333333,0.12833333333333333,0.22999999999999998,0.535,0.0,0.0,"poly_will-ecdc-announce-a-new-covid-19-variant-of-concern-before-august-2022, poly_will-the-7-day-covid-19-case-average-in-the-usa-be-below-10000-by-december-31, poly_will-the-7-day-covid-19-case-average-in-the-usa-be-above-100000-again-by-august-1-2022, poly_will-the-7-day-covid-19-case-average-in-the-usa-be-below-20000-by-may-31, poly_will-the-7-day-covid-19-case-average-in-the-usa-be-above-50000-again-by-august-1-2022"
2022-05-01,POLITICAL,ADIT-P1,China Governance,0.0956,1,0.77,0.77,0.22999999999999998,0.45,0.0,0.0,poly_will-xi-jinping-remain-general-secretary-of-the-ccp-through-2022
2022-05-01,POLITICAL,ADIT-P3,EU Breakup Risk,0.301,3,0.2661,0.2661,0.2017,0.23500000000000001,0.0,0.0,"poly_will-ukraine-be-a-member-state-of-the-european-union-by-july-31-2022, poly_will-russias-ambassador-to-any-eu-country-be-recalled-or-expelled-before-june-1, poly_will-ukraine-become-a-european-union-candidate-country-by-july-31st"
2022-05-01,POLITICAL,ADIT-P4,US Governance,0.1973,1,0.77,0.77,0.22999999999999998,0.5783333333333334,0.0,0.0,poly_will-two-or-more-supreme-court-justices-be-nominated-in-2022
2022-06-01,CONFLICT,ADIT-S2,Europe War & NATO Conflict,0.1252,7,0.1131061449257826,0.20526670745790174,0.20825698551952204,0.26480447963419096,0.0,0.0,"poly_will-vladimir-putin-become-a-defendant-of-the-icc-before-2023, poly_will-any-nato-member-country-invoke-article-5-by-june-30-2022, poly_will-nato-expand-in-2022, poly_will-ukraine-be-a-member-state-of-the-european-union-by-july-31-2022, poly_will-ukraine-become-a-european-union-candidate-country-by-july-31st"
2022-06-01,GENERAL,ADIT-X4,Pandemic & Health Crisis,0.2818,5,0.15584666666666666,0.15584666666666666,0.22076666666666667,0.32166666666666677,0.0,0.0,"poly_will-ecdc-announce-a-new-covid-19-variant-of-concern-before-august-2022, poly_will-the-7-day-covid-19-case-average-in-the-usa-be-below-10000-by-december-31, poly_will-the-7-day-covid-19-case-average-in-the-usa-be-above-100000-again-by-august-1-2022, poly_will-the-7-day-covid-19-case-average-in-the-usa-be-above-200000-again-by-august-1-2022, poly_will-the-cdc-declare-a-variant-of-high-consequence-by-august-1-2022"
2022-06-01,POLITICAL,ADIT-P1,China Governance,0.0956,1,0.8357,0.8357,0.1643,0.065,0.0,0.0,poly_will-xi-jinping-remain-general-secretary-of-the-ccp-through-2022
2022-06-01,POLITICAL,ADIT-P3,EU Breakup Risk,0.301,2,0.39013549999999997,0.39013549999999997,0.219729,0.31695,0.0,0.0,"poly_will-ukraine-be-a-member-state-of-the-european-union-by-july-31-2022, poly_will-ukraine-become-a-european-union-candidate-country-by-july-31st"
2022-06-01,POLITICAL,ADIT-P4,US Governance,0.1973,1,0.8357,0.8357,0.1643,0.065,0.0,0.0,poly_will-two-or-more-supreme-court-justices-be-nominated-in-2022
2022-07-01,CONFLICT,ADIT-S2,Europe War & NATO Conflict,0.1252,6,0.1289298896367282,0.24668585550493996,0.2264206621796308,0.34736664627104913,0.0,0.0,"poly_will-vladimir-putin-become-a-defendant-of-the-icc-before-2023, poly_will-nato-expand-in-2022, poly_will-ukraine-be-a-member-state-of-the-european-union-by-july-31-2022, poly_will-russia-expand-its-number-of-federal-subjects-by-october-1-2022, poly_will-sergei-shoigu-remain-minister-of-defense-of-russia-through-july-2022"
2022-07-01,GENERAL,ADIT-X3,Major Economy Recession,0.1634,4,0.1925,0.1925,0.22999999999999998,0.45,0.0,0.0,"poly_will-there-be-a-recession-in-q2-of-2022, poly_will-the-fed-set-interest-rates-above-2pt00-after-their-scheduled-july-meeting, poly_will-the-fed-set-interest-rates-above-2pt25-after-their-scheduled-july-meeting, poly_will-the-fed-set-interest-rates-above-2pt50-100-bips-or-more-after-their-scheduled-july-meeting"
2022-07-01,GENERAL,ADIT-X4,Pandemic & Health Crisis,0.2818,4,0.20060735000000002,0.20060735000000002,0.19757059999999999,0.21623000000000003,0.0,0.0,"poly_will-ecdc-announce-a-new-covid-19-variant-of-concern-before-august-2022, poly_will-the-7-day-covid-19-case-average-in-the-usa-be-below-10000-by-december-31, poly_will-the-7-day-covid-19-case-average-in-the-usa-be-above-200000-again-by-august-1-2022, poly_will-the-cdc-declare-a-variant-of-high-consequence-by-august-1-2022"
2022-07-01,POLITICAL,ADIT-P1,China Governance,0.0956,1,0.842927,0.842927,0.15707300000000002,0.03215000000000001,0.0,0.0,poly_will-xi-jinping-remain-general-secretary-of-the-ccp-through-2022
2022-07-01,POLITICAL,ADIT-P3,EU Breakup Risk,0.301,1,0.77,0.77,0.22999999999999998,0.45,0.0,0.0,poly_will-ukraine-be-a-member-state-of-the-european-union-by-july-31-2022
2022-07-01,POLITICAL,ADIT-P4,US Governance,0.1973,1,0.842927,0.842927,0.15707300000000002,0.03215000000000001,0.0,0.0,poly_will-two-or-more-supreme-court-justices-be-nominated-in-2022
2022-08-01,CONFLICT,ADIT-S2,Europe War & NATO Conflict,0.1252,4,0.1976286900291583,0.26350492003887777,0.20948523988336676,0.2703874540153034,0.0,0.0,"poly_will-nato-expand-in-2022, poly_will-vladimir-putin-become-a-defendant-of-the-icc-before-2023, poly_will-russia-expand-its-number-of-federal-subjects-by-october-1-2022, poly_will-russia-remain-in-g20-through-november-1-2022"
2022-08-01,CONFLICT,ADIT-S4,US-China Conflict Escalation,0.2232,1,0.77,0.77,0.22999999999999998,0.45,0.0,0.0,poly_will-nancy-pelosi-visit-taiwan-before-september-2022
2022-08-01,GENERAL,ADIT-X3,Major Economy Recession,0.1634,3,0.25666666666666665,0.25666666666666665,0.22999999999999998,0.8349999999999997,0.0,0.0,"poly_will-the-fed-increase-interest-rates-by-100-bps-after-their-september-meeting, poly_will-the-fed-increase-interest-rates-by-25-bps-after-their-september-meeting, poly_will-the-fed-increase-interest-rates-by-50-bps-after-their-september-meeting"
2022-08-01,GENERAL,ADIT-X4,Pandemic & Health Crisis,0.2818,1,0.77,0.77,0.22999999999999998,0.6506073500000001,0.0,0.0,poly_will-the-7-day-covid-19-case-average-in-the-usa-be-below-10000-by-december-31
2022-08-01,POLITICAL,ADIT-P1,China Governance,0.0956,1,0.84372197,0.84372197,0.15627803,0.02853650000000002,0.0,0.0,poly_will-xi-jinping-remain-general-secretary-of-the-ccp-through-2022
2022-08-01,POLITICAL,ADIT-P4,US Governance,0.1973,1,0.84372197,0.84372197,0.15627803,0.02853650000000002,0.0,0.0,poly_will-two-or-more-supreme-court-justices-be-nominated-in-2022
2022-09-01,CONFLICT,ADIT-S2,Europe War & NATO Conflict,0.1252,4,0.2094891559032074,0.2793188745376099,0.16204337638717034,0.05474261994168335,0.0,0.0,"poly_will-nato-expand-in-2022, poly_will-vladimir-putin-become-a-defendant-of-the-icc-before-2023, poly_will-russia-expand-its-number-of-federal-subjects-by-october-1-2022, poly_will-russia-remain-in-g20-through-november-1-2022"
2022-09-01,GENERAL,ADIT-X4,Pandemic & Health Crisis,0.2818,1,0.8357,0.8357,0.1643,0.065,0.0,0.0,poly_will-the-7-day-covid-19-case-average-in-the-usa-be-below-10000-by-december-31
2022-09-01,POLITICAL,ADIT-P1,China Governance,0.0956,1,0.8438094167,0.8438094167,0.15619058330000002,0.02813901499999999,0.0,0.0,poly_will-xi-jinping-remain-general-secretary-of-the-ccp-through-2022
2022-09-01,POLITICAL,ADIT-P4,US Governance,0.1973,1,0.8438094167,0.8438094167,0.15619058330000002,0.02813901499999999,0.0,0.0,poly_will-two-or-more-supreme-court-justices-be-nominated-in-2022
2022-10-01,CONFLICT,ADIT-S2,Europe War & NATO Conflict,0.1252,4,0.1958736153443965,0.3192014472279054,0.21650553862241395,0.3022979028291544,0.0,0.0,"poly_will-russia-remain-in-g20-through-november-1-2022, poly_will-nato-expand-in-2022, poly_will-vladimir-putin-become-a-defendant-of-the-icc-before-2023, poly_will-putin-and-zelensky-meet-in-person-before-2023"
2022-10-01,CONFLICT,ADIT-S3,Middle East Armed Conflict,0.2843,1,0.77,0.77,0.22999999999999998,0.45,0.0,0.0,poly_will-ali-khamenei-remain-supreme-leader-of-iran-through-2022
2022-10-01,GENERAL,ADIT-X3,Major Economy Recession,0.1634,1,0.77,0.77,0.22999999999999998,0.45,0.0,0.0,poly_will-us-gdp-shrink-for-a-3rd-straight-quarter
2022-10-01,GENERAL,ADIT-X4,Pandemic & Health Crisis,0.2818,1,0.842927,0.842927,0.15707300000000002,0.03215000000000001,0.0,0.0,poly_will-the-7-day-covid-19-case-average-in-the-usa-be-below-10000-by-december-31
2022-10-01,POLITICAL,ADIT-P1,China Governance,0.0956,1,0.843819035837,0.843819035837,0.156180964163,0.02809529165000002,0.0,0.0,poly_will-xi-jinping-remain-general-secretary-of-the-ccp-through-2022
2022-10-01,POLITICAL,ADIT-P4,US Governance,0.1973,1,0.843819035837,0.843819035837,0.156180964163,0.02809529165000002,0.0,0.0,poly_will-two-or-more-supreme-court-justices-be-nominated-in-2022
2022-11-01,CONFLICT,ADIT-S2,Europe War & NATO Conflict,0.1252,5,0.15400000000000003,0.3378375,0.22999999999999998,0.3774542165391124,0.0,0.0,"poly_will-nato-expand-in-2022, poly_will-there-be-a-negotiated-settlement-between-russia-and-ukraine-by-dec-31, poly_will-russia-use-a-nuclear-weapon-before-2023, poly_will-vladimir-putin-become-a-defendant-of-the-icc-before-2023, poly_will-putin-and-zelensky-meet-in-person-before-2023"
2022-11-01,CONFLICT,ADIT-S3,Middle East Armed Conflict,0.2843,2,0.38715,0.4223454545454545,0.2257,0.3440909090909091,0.0,0.0,"poly_will-ali-khamenei-remain-supreme-leader-of-iran-through-2022, poly_will-netanyahu-be-the-next-prime-minister-of-israel"
2022-11-01,GENERAL,ADIT-X3,Major Economy Recession,0.1634,4,0.1925,0.1925,0.22999999999999998,0.835,0.0,0.0,"poly_will-credit-suisse-announce-they-are-filing-for-bankruptcy-before-2023, poly_will-the-fed-increase-interest-rates-by-100-bps-after-its-december-meeting, poly_will-the-fed-increase-interest-rates-by-25-bps-after-its-december-meeting, poly_will-the-fed-increase-interest-rates-by-50-bps-after-its-december-meeting"
2022-11-01,GENERAL,ADIT-X4,Pandemic & Health Crisis,0.2818,1,0.84372197,0.84372197,0.15627803,0.02853650000000002,0.0,0.0,poly_will-the-7-day-covid-19-case-average-in-the-usa-be-below-10000-by-december-31
2022-11-01,POLITICAL,ADIT-P1,China Governance,0.0956,2,0.385,0.385,0.22999999999999998,0.4219095179185,0.0,0.0,"poly_will-xi-jinping-remain-general-secretary-of-the-ccp-through-2022, poly_will-the-digital-commodities-consumer-protection-act-dccpa-become-law-by-dec-31"
2022-11-01,POLITICAL,ADIT-P4,US Governance,0.1973,1,0.8438200939420699,0.8438200939420699,0.15617990605793003,0.0280904820815,0.0,0.0,poly_will-two-or-more-supreme-court-justices-be-nominated-in-2022
2022-12-01,CONFLICT,ADIT-S2,Europe War & NATO Conflict,0.1252,7,0.11290475000000001,0.173873315,0.20966675,0.27121249999999997,0.0,0.0,"poly_will-there-be-a-negotiated-settlement-between-russia-and-ukraine-by-dec-31, poly_will-any-nato-member-country-invoke-article-5-by-eoy, poly_will-nato-expand-in-2022, poly_will-any-nato-member-country-invoke-article-4-by-eoy, poly_will-russia-use-a-nuclear-weapon-before-2023"
2022-12-01,CONFLICT,ADIT-S3,Middle East Armed Conflict,0.2843,2,0.4180864999999999,0.4560943636363636,0.16382700000000003,0.06285000000000007,0.0,0.0,"poly_will-ali-khamenei-remain-supreme-leader-of-iran-through-2022, poly_will-netanyahu-be-the-next-prime-minister-of-israel"
2022-12-01,GENERAL,ADIT-X3,Major Economy Recession,0.1634,2,0.385,0.385,0.22999999999999998,0.6425000000000001,0.0,0.0,"poly_will-credit-suisse-announce-they-are-filing-for-bankruptcy-before-2023, poly_will-genesis-announce-it-is-filing-for-bankruptcy-by-eoy"
2022-12-01,GENERAL,ADIT-X4,Pandemic & Health Crisis,0.2818,1,0.8438094167,0.8438094167,0.15619058330000002,0.02813901499999999,0.0,0.0,poly_will-the-7-day-covid-19-case-average-in-the-usa-be-below-10000-by-december-31
2022-12-01,POLITICAL,ADIT-P1,China Governance,0.0956,2,0.41785,0.41785,0.1643,0.065,0.0,0.0,"poly_will-xi-jinping-remain-general-secretary-of-the-ccp-through-2022, poly_will-the-digital-commodities-consumer-protection-act-dccpa-become-law-by-dec-31"
2022-12-01,POLITICAL,ADIT-P4,US Governance,0.1973,1,0.8438202103336276,0.8438202103336276,0.1561797896663723,0.028089953028965053,0.0,0.0,poly_will-two-or-more-supreme-court-justices-be-nominated-in-2022
2023-01-01,GENERAL,ADIT-X3,Major Economy Recession,0.1634,3,0.25666666666666665,0.25666666666666665,0.22999999999999998,0.8350000000000001,0.0,0.0,"poly_will-the-fed-increase-interest-rates-by-0-bps-after-its-february-meeting, poly_will-the-fed-increase-interest-rates-by-25-bps-after-its-february-meeting, poly_will-the-fed-increase-interest-rates-by-50-bps-after-its-february-meeting"
2023-02-01,CONFLICT,ADIT-S2,Europe War & NATO Conflict,0.1252,1,0.77,0.77,0.22999999999999998,0.45,0.0,0.0,poly_will-nato-expand-by-june-30
2023-02-01,POLITICAL,ADIT-P4,US Governance,0.1973,1,0.77,0.77,0.22999999999999998,0.45,0.0,0.0,poly_will-george-santos-remain-in-congress-through-march-31
2023-03-01,CONFLICT,ADIT-S2,Europe War & NATO Conflict,0.1252,1,0.8357,0.8357,0.1643,0.065,0.0,0.0,poly_will-nato-expand-by-june-30
2023-03-01,GENERAL,ADIT-X3,Major Economy Recession,0.1634,3,0.25666666666666665,0.25666666666666665,0.22999999999999998,0.44999999999999996,0.0,0.0,"poly_will-the-fed-decrease-interest-rates-by-25-bps-after-its-march-meeting, poly_will-the-fed-increase-interest-rates-by-0-bps-after-its-march-meeting, poly_will-the-fed-increase-interest-rates-by-25-bps-after-its-march-meeting"
2023-03-01,POLITICAL,ADIT-P4,US Governance,0.1973,1,0.8357,0.8357,0.1643,0.065,0.0,0.0,poly_will-george-santos-remain-in-congress-through-march-31
2023-04-01,CONFLICT,ADIT-S2,Europe War & NATO Conflict,0.1252,1,0.842927,0.842927,0.15707300000000002,0.03215000000000001,0.0,0.0,poly_will-nato-expand-by-june-30
2023-04-01,GENERAL,ADIT-X3,Major Economy Recession,0.1634,3,0.25666666666666665,0.25666666666666665,0.22999999999999998,0.835,0.0,0.0,"poly_will-the-fed-decrease-interest-rates-by-25-bps-after-its-may-meeting, poly_will-the-fed-increase-interest-rates-by-0-bps-after-its-may-meeting, poly_will-the-fed-increase-interest-rates-by-25-bps-after-its-may-meeting"
2023-05-01,CONFLICT,ADIT-S2,Europe War & NATO Conflict,0.1252,1,0.77,0.77,0.22999999999999998,0.8714635,0.0,0.0,poly_will-sweden-join-nato-by-may-31
2023-05-01,GENERAL,ADIT-X3,Major Economy Recession,0.1634,2,0.385,0.385,0.22999999999999998,0.835,0.0,0.0,"poly_did-us-gdp-grow-2pt0-or-more-in-q2-2023, poly_did-us-gdp-grow-1pt0-or-more-in-q2-2023"
2023-06-01,GENERAL,ADIT-X3,Major Economy Recession,0.1634,2,0.41785,0.41785,0.1643,0.065,0.0,0.0,"poly_did-us-gdp-grow-2pt0-or-more-in-q2-2023, poly_did-us-gdp-grow-1pt0-or-more-in-q2-2023"
2023-07-01,GENERAL,ADIT-X3,Major Economy Recession,0.1634,2,0.4214635,0.4214635,0.15707300000000002,0.03215000000000001,0.0,0.0,"poly_did-us-gdp-grow-2pt0-or-more-in-q2-2023, poly_did-us-gdp-grow-1pt0-or-more-in-q2-2023"
2023-10-01,CONFLICT,ADIT-S4,US-China Conflict Escalation,0.2232,1,0.77,0.77,0.22999999999999998,0.45,0.0,0.0,poly_will-canada-sanction-india-by-october-31
2023-10-01,POLITICAL,ADIT-P2,EM Governance,0.1511,1,0.77,0.77,0.22999999999999998,0.45,0.0,0.0,poly_will-canada-sanction-india-by-october-31
2023-10-01,POLITICAL,ADIT-P4,US Governance,0.1973,1,0.77,0.77,0.22999999999999998,0.45,0.0,0.0,poly_will-doj-charge-binance-by-eoy
2023-11-01,ENERGY,ADIT-E3,Oil Supply Disruption,0.2753,1,0.77,0.77,0.22999999999999998,0.45,0.0,0.0,poly_will-saudi-arabia-boost-oil-production-in-q4
2023-11-01,POLITICAL,ADIT-P4,US Governance,0.1973,1,0.8357,0.8357,0.1643,0.065,0.0,0.0,poly_will-doj-charge-binance-by-eoy
2023-12-01,ENERGY,ADIT-E3,Oil Supply Disruption,0.2753,1,0.8357,0.8357,0.1643,0.065,0.0,0.0,poly_will-saudi-arabia-boost-oil-production-in-q4
2024-01-01,CONFLICT,ADIT-S3,Middle East Armed Conflict,0.2843,4,0.1925,0.1925,0.22999999999999998,0.45,0.0,0.0,"poly_hamas-lose-power-in-gaza-before-february, poly_starlink-available-in-gaza-by-jan-31, poly_mohamed-deif-still-in-hamas-leadership-through-march-1, poly_haniyeh-still-in-hamas-leadership-through-march-1"
2024-01-01,GENERAL,ADIT-X3,Major Economy Recession,0.1634,2,0.385,0.385,0.22999999999999998,0.45,0.0,0.0,"poly_fed-rate-cut-by-january-31, poly_will-opensea-announce-bankruptcy-by-march-1"
2024-01-01,POLITICAL,ADIT-P4,US Governance,0.1973,1,0.77,0.77,0.22999999999999998,0.45,0.0,0.0,poly_will-george-santos-announce-hes-running-for-congress-before-may
2024-02-01,CONFLICT,ADIT-S3,Middle East Armed Conflict,0.2843,3,0.25666666666666665,0.25666666666666665,0.22999999999999998,0.44999999999999996,0.0,0.0,"poly_us-call-for-gaza-ceasefire-before-march, poly_mohamed-deif-still-in-hamas-leadership-through-march-1, poly_haniyeh-still-in-hamas-leadership-through-march-1"
2024-02-01,GENERAL,ADIT-X3,Major Economy Recession,0.1634,4,0.1925,0.1925,0.22999999999999998,0.61,0.0,0.0,"poly_will-ftx-payouts-start-in-q1-2024, poly_fed-rate-cut-by-march-20, poly_will-the-fed-decrease-interest-rates-by-50-bps-after-its-march-2024-meeting, poly_will-opensea-announce-bankruptcy-by-march-1"
2024-02-01,POLITICAL,ADIT-P4,US Governance,0.1973,1,0.8357,0.8357,0.1643,0.065,0.0,0.0,poly_will-george-santos-announce-hes-running-for-congress-before-may
2024-03-01,GENERAL,ADIT-X3,Major Economy Recession,0.1634,5,0.154,0.154,0.22999999999999998,0.655,0.0,0.0,"poly_will-ftx-payouts-start-in-q1-2024, poly_fed-rate-cut-by-july-31, poly_will-fed-cut-interest-rates-0-times-by-dec-meeting, poly_will-fed-cut-interest-rates-2-times-by-dec-meeting, poly_will-fed-cut-interest-rates-3-times-by-dec-meeting"
2024-03-01,POLITICAL,ADIT-P4,US Governance,0.1973,2,0.385,0.385,0.22999999999999998,0.41785,0.0,0.0,"poly_will-matt-gaetz-be-expelled-from-congress-before-may, poly_will-george-santos-announce-hes-running-for-congress-before-may"
2024-04-01,CONFLICT,ADIT-S3,Middle East Armed Conflict,0.2843,1,0.77,0.77,0.22999999999999998,0.45,0.0,0.0,poly_more-hostages-in-gaza-freed-before-may
2024-04-01,GENERAL,ADIT-X3,Major Economy Recession,0.1634,6,0.12833333333333333,0.12833333333333333,0.22999999999999998,0.385,0.0,0.0,"poly_will-ftx-payouts-start-in-q3-2024, poly_fed-rate-cut-by-december-18, poly_will-the-fed-decrease-interest-rates-by-50-bps-after-its-aprilmay-2024-meeting, poly_will-fed-cut-interest-rates-0-times-by-dec-meeting, poly_will-fed-cut-interest-rates-2-times-by-dec-meeting"
2024-04-01,POLITICAL,ADIT-P4,US Governance,0.1973,1,0.77,0.77,0.22999999999999998,0.45,0.0,0.0,poly_will-matt-gaetz-be-expelled-from-congress-before-may
2024-05-01,POLITICAL,ADIT-P4,US Governance,0.1973,2,0.385,0.385,0.22999999999999998,0.835,0.0,0.0,"poly_supreme-court-sends-trump-immunity-case-to-lower-court, poly_supreme-court-upholds-absolute-immunity-for-trump"
2024-06-01,CONFLICT,ADIT-S3,Middle East Armed Conflict,0.2843,1,0.77,0.77,0.22999999999999998,0.45,0.0,0.0,poly_icc-issues-an-arrest-warrant-for-hamas-leader-yahya-sinwar
2024-06-01,POLITICAL,ADIT-P4,US Governance,0.1973,1,0.77,0.77,0.22999999999999998,0.45,0.0,0.0,poly_supreme-court-upholds-absolute-immunity-for-trump
2024-07-01,CONFLICT,ADIT-S3,Middle East Armed Conflict,0.2843,2,0.385,0.385,0.22999999999999998,0.385,0.0,0.0,"poly_next-israel-x-hamas-ceasefire-in-august, poly_icc-issues-an-arrest-warrant-for-hamas-leader-yahya-sinwar"
2024-07-01,POLITICAL,ADIT-P4,US Governance,0.1973,1,0.8357,0.8357,0.1643,0.065,0.0,0.0,poly_supreme-court-upholds-absolute-immunity-for-trump
2024-08-01,CONFLICT,ADIT-S3,Middle East Armed Conflict,0.2843,2,0.385,0.385,0.22999999999999998,0.45,0.0,0.0,"poly_next-israel-x-hamas-ceasefire-in-september, poly_icc-issues-an-arrest-warrant-for-hamas-leader-yahya-sinwar"
2024-09-01,CONFLICT,ADIT-S3,Middle East Armed Conflict,0.2843,3,0.2661,0.2661,0.2017,0.23500000000000001,0.0,0.0,"poly_next-israel-x-hamas-ceasefire-in-september, poly_israel-x-hamas-ceasefire-before-october, poly_icc-issues-an-arrest-warrant-for-hamas-leader-yahya-sinwar"
2024-10-01,CONFLICT,ADIT-S3,Middle East Armed Conflict,0.2843,3,0.25666666666666665,0.4017391304347826,0.22999999999999998,0.6339326086956522,0.0,0.0,"poly_iran-strike-on-israel-before-november, poly_will-sinwar-leave-gaza-by-october-31, poly_icc-issues-an-arrest-warrant-for-hamas-leader-yahya-sinwar"
2024-10-01,ENERGY,ADIT-E3,Oil Supply Disruption,0.2753,1,0.77,0.77,0.22999999999999998,0.45,0.0,0.0,poly_will-lng-esports-win-lol-worlds-2024
2024-10-01,POLITICAL,ADIT-P4,US Governance,0.1973,1,0.77,0.77,0.22999999999999998,0.45,0.0,0.0,poly_matt-gaetz-out-as-congressman-in-2024
2024-11-01,CONFLICT,ADIT-S3,Middle East Armed Conflict,0.2843,1,0.77,0.77,0.22999999999999998,0.835,0.0,0.0,poly_us-military-action-against-yemen-in-2024
2024-11-01,GENERAL,ADIT-X3,Major Economy Recession,0.1634,1,0.77,0.77,0.22999999999999998,0.45,0.0,0.0,poly_50-bps-decrease-in-ecb-interest-rates-after-2024-december-meeting
2024-11-01,POLITICAL,ADIT-P3,EU Breakup Risk,0.301,1,0.77,0.77,0.22999999999999998,0.45,0.0,0.0,poly_50-bps-decrease-in-ecb-interest-rates-after-2024-december-meeting
2024-11-01,POLITICAL,ADIT-P4,US Governance,0.1973,1,0.8357,0.8357,0.1643,0.065,0.0,0.0,poly_matt-gaetz-out-as-congressman-in-2024
2024-12-01,CONFLICT,ADIT-S3,Middle East Armed Conflict,0.2843,1,0.77,0.77,0.22999999999999998,0.835,0.0,0.0,poly_will-trump-say-iran-in-his-next-speech
2025-01-01,CONFLICT,ADIT-S2,Europe War & NATO Conflict,0.1252,1,0.77,0.77,0.22999999999999998,0.45,0.0,0.0,poly_will-russia-recognize-syrian-government-by-march-31
2025-01-01,CONFLICT,ADIT-S3,Middle East Armed Conflict,0.2843,1,0.77,0.77,0.22999999999999998,0.835,0.0,0.0,poly_israel-x-hamas-ceasefire-by-january-31
2025-01-01,GENERAL,ADIT-X3,Major Economy Recession,0.1634,3,0.25666666666666665,0.25666666666666665,0.22999999999999998,0.44999999999999996,0.0,0.0,"poly_will-powell-say-unemployment-8-or-more-times-during-january-press-conference, poly_will-powell-say-inflation-50-or-more-times-during-january-press-conference, poly_will-powell-say-inflation-60-or-more-times-during-january-press-conference"
2025-02-01,CONFLICT,ADIT-S2,Europe War & NATO Conflict,0.1252,8,0.09624999999999999,0.10780000000000002,0.22999999999999998,0.7244285714285714,0.0,0.0,"poly_will-putin-go-on-lex-fridman-before-march, poly_will-russia-capture-pokrovsk-by-december-31-531, poly_will-russia-recapture-sudzha-by-february-28, poly_will-russia-recognize-syrian-government-by-march-31, poly_will-donald-trump-visit-ukraine-in-2025"
2025-02-01,CONFLICT,ADIT-S4,US-China Conflict Escalation,0.2232,1,0.77,0.77,0.22999999999999998,0.45,0.0,0.0,poly_will-trump-impose-tariffs-on-taiwan-in-the-first-100-days
2025-02-01,GENERAL,ADIT-X3,Major Economy Recession,0.1634,4,0.1925,0.1925,0.22999999999999998,0.835,0.0,0.0,"poly_will-jerome-powell-say-unemployment-8-or-more-times-during-the-march-meeting1, poly_will-jerome-powell-say-inflation-50-or-more-times-during-the-march-meeting1, poly_will-trump-say-inflation-10-times-during-the-2025-state-of-the-union, poly_will-jerome-powell-say-inflation-40-or-more-times-during-the-march-meeting1"
2025-02-01,POLITICAL,ADIT-P2,EM Governance,0.1511,1,0.77,0.77,0.22999999999999998,0.45,0.0,0.0,poly_will-trump-say-mexico-5-times-during-the-2025-state-of-the-union
2025-02-01,POLITICAL,ADIT-P3,EU Breakup Risk,0.301,1,0.77,0.77,0.22999999999999998,0.45,0.0,0.0,poly_will-trump-impose-tariffs-on-the-eu-in-the-first-100-days
2025-03-01,CONFLICT,ADIT-S2,Europe War & NATO Conflict,0.1252,16,0.05125000000000001,0.09840000000000002,0.18,0.7314724183117046,0.0,0.0,"poly_trump-agrees-to-send-us-peacekeeping-force-to-ukraine, poly_will-trump-withdraw-the-us-from-nato-in-2025, poly_will-any-country-leave-nato-in-2025, poly_will-russia-capture-pokrovsk-by-december-31-531, poly_will-ukraine-agree-to-payback-us-aid-before-july"
2025-03-01,CONFLICT,ADIT-S3,Middle East Armed Conflict,0.2843,4,0.19249999999999995,0.3121621621621621,0.22999999999999998,0.44999999999999996,0.0,0.0,"poly_will-israel-annex-west-bank-territory-in-2025, poly_israel-x-hamas-ceasefire-cancelled-before-april, poly_will-the-us-take-over-gaza-in-2025, poly_us-forces-in-gaza-before-april"
2025-03-01,CONFLICT,ADIT-S4,US-China Conflict Escalation,0.2232,1,0.8357,0.8357,0.1643,0.065,0.0,0.0,poly_will-trump-impose-tariffs-on-taiwan-in-the-first-100-days
2025-03-01,GENERAL,ADIT-X3,Major Economy Recession,0.1634,6,0.12833333333333333,0.12833333333333333,0.22999999999999998,0.835,0.0,0.0,"poly_will-monthly-inflation-increase-by-0pt3-in-february, poly_will-annual-inflation-increase-by-3pt0-in-february, poly_will-monthly-inflation-increase-by-0pt4-in-february, poly_will-annual-inflation-increase-by-2pt9-in-february, poly_will-monthly-inflation-increase-by-0pt2-in-february"
2025-03-01,POLITICAL,ADIT-P2,EM Governance,0.1511,1,0.77,0.77,0.22999999999999998,0.835,0.0,0.0,poly_trump-tariffs-on-mexico-in-effect-by-may-1
2025-03-01,POLITICAL,ADIT-P3,EU Breakup Risk,0.301,5,0.154,0.154,0.22999999999999998,0.655,0.0,0.0,"poly_will-the-eu-impose-tariffs-on-the-us-before-may, poly_will-trump-impose-a-blanket-tariff-of-20-30-on-the-eu-by-june-30, poly_will-trump-impose-a-blanket-tariff-of-30-40-on-the-eu-by-june-30, poly_will-trump-impose-tariffs-on-the-eu-in-the-first-100-days, poly_will-trump-impose-no-general-tariff-on-the-eu-by-june-30"
2025-04-01,CONFLICT,ADIT-S2,Europe War & NATO Conflict,0.1252,16,0.053204887348353554,0.10215338370883881,0.14872180242634314,0.22146273830155977,0.0,0.0,"poly_trump-agrees-to-send-us-peacekeeping-force-to-ukraine, poly_will-trump-withdraw-the-us-from-nato-in-2025, poly_will-any-country-leave-nato-in-2025, poly_will-russia-capture-pokrovsk-by-december-31-531, poly_will-russia-capture-kupiansk-by-april-30"
2025-04-01,CONFLICT,ADIT-S3,Middle East Armed Conflict,0.2843,6,0.12833333333333335,0.18480000000000002,0.22999999999999998,0.5820270270270269,0.0,0.0,"poly_israel-military-action-against-iran-before-july, poly_us-military-action-against-iran-before-july, poly_houthis-agree-to-stop-attacks-shipping-before-may, poly_will-israel-annex-west-bank-territory-in-2025, poly_israel-x-hamas-ceasefire-before-may-2025"
2025-04-01,CONFLICT,ADIT-S4,US-China Conflict Escalation,0.2232,1,0.842927,0.842927,0.15707300000000002,0.03215000000000001,0.0,0.0,poly_will-trump-impose-tariffs-on-taiwan-in-the-first-100-days
2025-04-01,GENERAL,ADIT-X3,Major Economy Recession,0.1634,8,0.09625,0.09625,0.22999999999999998,0.8350000000000002,0.0,0.0,"poly_will-jerome-powell-say-unemployment-8-or-more-times-during-the-may-meeting, poly_negative-gdp-growth-in-q1-2025, poly_will-jerome-powell-say-recession-during-the-may-meeting, poly_will-us-gdp-growth-be-less-than-2-in-q1-2025, poly_will-us-gdp-growth-be-between-1-and-2-in-q1-2025"
2025-04-01,POLITICAL,ADIT-P2,EM Governance,0.1511,2,0.385,0.385,0.22999999999999998,0.835,0.0,0.0,"poly_trump-announces-buffer-zone-on-mexico-border-before-may, poly_brazil-unemployment-below-6pt3-for-q4-2025"
2025-04-01,POLITICAL,ADIT-P3,EU Breakup Risk,0.301,6,0.13854999999999998,0.13854999999999998,0.16870000000000002,0.085,0.0,0.0,"poly_trump-tariff-on-eu-alcohol-before-may, poly_will-the-eu-impose-tariffs-on-the-us-before-may, poly_will-trump-impose-a-blanket-tariff-of-20-30-on-the-eu-by-june-30, poly_will-trump-impose-a-blanket-tariff-of-30-40-on-the-eu-by-june-30, poly_will-trump-impose-tariffs-on-the-eu-in-the-first-100-days"
2025-05-01,CONFLICT,ADIT-S2,Europe War & NATO Conflict,0.1252,16,0.051250000000000004,0.0984,0.18,0.42746761685525575,0.0,0.0,"poly_will-putin-meet-with-trump-before-july, poly_trump-agrees-to-send-us-peacekeeping-force-to-ukraine, poly_russia-x-ukraine-ceasefire-before-june, poly_will-trump-withdraw-the-us-from-nato-in-2025, poly_will-any-country-leave-nato-in-2025"
2025-05-01,CONFLICT,ADIT-S3,Middle East Armed Conflict,0.2843,6,0.13084385585585587,0.18841515243243245,0.21493686486486485,0.29516756756756757,0.0,0.0,"poly_israel-military-action-against-iran-before-july, poly_houthis-agree-to-end-attacks-on-shipping-before-july, poly_us-military-action-against-iran-before-july, poly_will-israel-annex-west-bank-territory-in-2025, poly_israel-x-hamas-ceasefire-before-june-2025"
2025-05-01,CONFLICT,ADIT-S4,US-China Conflict Escalation,0.2232,2,0.385,0.385,0.22999999999999998,0.8714635,0.0,0.0,"poly_us-china-trade-deal-before-june, poly_will-trump-lower-tariffs-on-china-by-may-31"
2025-05-01,GENERAL,ADIT-X3,Major Economy Recession,0.1634,6,0.12833333333333333,0.12833333333333333,0.22999999999999998,0.7387499999999998,0.0,0.0,"poly_will-us-gdp-growth-in-q2-2025-be-between-1-and-2, poly_negative-gdp-growth-in-2025, poly_will-us-gdp-growth-in-q2-2025-be-between-1-and-0, poly_brazil-unemployment-below-6pt3-for-q4-2025, poly_will-us-gdp-growth-in-q2-2025-be-greater-than-2"
2025-05-01,POLITICAL,ADIT-P2,EM Governance,0.1511,2,0.385,0.385,0.22999999999999998,0.45,0.0,0.0,"poly_will-the-next-pope-after-francis-be-from-the-philippines, poly_brazil-unemployment-below-6pt3-for-q4-2025"
2025-06-01,CONFLICT,ADIT-S2,Europe War & NATO Conflict,0.1252,2,0.385,0.385,0.22999999999999998,0.8170756745682644,0.0,0.0,"poly_will-russia-capture-pokrovsk-by-august-31, poly_will-russia-capture-kupiansk-by-december-31-391-746-177"
2025-06-01,CONFLICT,ADIT-S3,Middle East Armed Conflict,0.2843,8,0.09625,0.1655499995568054,0.22999999999999998,0.4548613436617497,0.0,0.0,"poly_will-the-us-take-over-gaza-in-2025, poly_us-military-action-on-yemen-before-july, poly_us-military-action-against-iran-before-july, poly_will-israel-strike-an-iranian-nuclear-facility-before-july, poly_israel-military-action-against-iran-before-july"
2025-06-01,CONFLICT,ADIT-S4,US-China Conflict Escalation,0.2232,2,0.385,0.385,0.22999999999999998,0.835,0.0,0.0,"poly_us-china-tariff-agreement-before-90-day-deadline, poly_will-the-us-tariff-rate-on-china-be-between-40-and-60-on-august-15"
2025-06-01,GENERAL,ADIT-X3,Major Economy Recession,0.1634,5,0.16149333333333332,0.16149333333333332,0.19253333333333333,0.1933333333333334,0.0,0.0,"poly_negative-gdp-growth-in-2025, poly_will-us-gdp-growth-in-q2-2025-be-between-1-and-2, poly_will-us-gdp-growth-in-q2-2025-be-between-1-and-0, poly_brazil-unemployment-below-6pt3-for-q4-2025, poly_will-us-gdp-growth-in-q2-2025-be-greater-than-2"
2025-06-01,POLITICAL,ADIT-P1,China Governance,0.0956,1,0.77,0.77,0.22999999999999998,0.45,0.0,0.0,poly_trump-x-xi-talk-before-july
2025-06-01,POLITICAL,ADIT-P2,EM Governance,0.1511,1,0.77,0.77,0.22999999999999998,0.45,0.0,0.0,poly_brazil-unemployment-below-6pt3-for-q4-2025
2025-07-01,CONFLICT,ADIT-S2,Europe War & NATO Conflict,0.1252,2,0.41785,0.41785,0.1643,0.065,0.0,0.0,"poly_will-russia-capture-pokrovsk-by-august-31, poly_will-russia-capture-kupiansk-by-december-31-391-746-177"
2025-07-01,CONFLICT,ADIT-S3,Middle East Armed Conflict,0.2843,8,0.09624999999999999,0.14437499999999998,0.22999999999999998,0.8350000000000001,0.0,0.0,"poly_israel-strikes-iran-before-august, poly_strike-on-israels-dimonah-nuclear-base-before-august, poly_israel-x-hamas-ceasefire-before-august, poly_will-israel-or-iran-break-the-ceasefire-first, poly_israel-x-iran-ceasefire-broken-by-july-31"
2025-07-01,CONFLICT,ADIT-S4,US-China Conflict Escalation,0.2232,2,0.41785,0.41785,0.1643,0.065,0.0,0.0,"poly_us-china-tariff-agreement-before-90-day-deadline, poly_will-the-us-tariff-rate-on-china-be-between-40-and-60-on-august-15"
2025-07-01,GENERAL,ADIT-X3,Major Economy Recession,0.1634,6,0.12833333333333333,0.12833333333333333,0.22999999999999998,0.5537333333333333,0.0,0.0,"poly_will-powell-say-recession-during-july-press-conference, poly_will-powell-say-employment-unemployment-20-times-during-july-press-conference, poly_negative-gdp-growth-in-2025, poly_will-powell-say-inflation-60-times-during-july-press-conference, poly_brazil-unemployment-below-6pt3-for-q4-2025"
2025-07-01,GENERAL,ADIT-X4,Pandemic & Health Crisis,0.2818,1,0.77,0.77,0.22999999999999998,0.45,0.0,0.0,poly_will-powell-say-pandemic-during-july-press-conference
2025-07-01,POLITICAL,ADIT-P2,EM Governance,0.1511,2,0.385,0.385,0.22999999999999998,0.385,0.0,0.0,"poly_will-brazil-win-the-2025-sailgp-championship-season-5, poly_brazil-unemployment-below-6pt3-for-q4-2025"
2025-08-01,CONFLICT,ADIT-S2,Europe War & NATO Conflict,0.1252,4,0.1925,0.34650000000000003,0.22999999999999998,0.70285,0.0,0.0,"poly_russia-x-ukraine-ceasefire-before-2027, poly_will-russia-capture-kupiansk-by-october-31-984, poly_will-russia-capture-pokrovsk-by-august-31, poly_will-russia-capture-udachne-by-august-31"
2025-08-01,CONFLICT,ADIT-S3,Middle East Armed Conflict,0.2843,7,0.10999999999999999,0.18413043478260868,0.22999999999999998,0.7467708333333334,0.0,0.0,"poly_israel-x-hamas-ceasefire-by-august-31, poly_will-israel-or-iran-break-the-ceasefire-first, poly_israel-strikes-yemen-by-august-31, poly_syria-strikes-israel-by-august-31, poly_israel-strikes-iran-before-september-141"
2025-08-01,CONFLICT,ADIT-S4,US-China Conflict Escalation,0.2232,2,0.385,0.385,0.22999999999999998,0.86785,0.0,0.0,"poly_will-china-invade-taiwan-before-2027, poly_will-trump-agree-to-a-tariff-agreement-with-china-in-august"
2025-08-01,GENERAL,ADIT-X3,Major Economy Recession,0.1634,4,0.1925,0.1925,0.22999999999999998,0.5783333333333334,0.0,0.0,"poly_negative-gdp-growth-in-2025, poly_brazil-unemployment-below-6pt3-for-q4-2025, poly_will-powell-say-inflation-40-times-during-september-press-conference, poly_will-powell-say-inflation-60-times-during-september-press-conference"
2025-08-01,GENERAL,ADIT-X4,Pandemic & Health Crisis,0.2818,1,0.77,0.77,0.22999999999999998,0.835,0.0,0.0,poly_will-powell-say-pandemic-during-september-press-conference-253
2025-08-01,POLITICAL,ADIT-P1,China Governance,0.0956,1,0.77,0.77,0.22999999999999998,0.45,0.0,0.0,poly_xi-jinping-out-before-2027
2025-08-01,POLITICAL,ADIT-P2,EM Governance,0.1511,15,0.05466666666666667,0.06722836879432624,0.18,0.6920212765957446,0.0,0.0,"poly_will-india-win-the-2025-asia-cup, poly_will-brazil-win-the-2025-sailgp-championship-season-5, poly_will-pakistan-win-the-2025-asia-cup, poly_brazil-unemployment-below-6pt3-for-q4-2025, poly_us-agrees-to-a-new-trade-deal-with-mexico"
2025-09-01,CONFLICT,ADIT-S2,Europe War & NATO Conflict,0.1252,5,0.15399999999999997,0.3465,0.22999999999999998,0.36474999999999996,0.0,0.0,"poly_russia-x-ukraine-ceasefire-before-2027, poly_will-russia-capture-kupiansk-by-october-31-984, poly_will-russia-capture-pokrovsk-train-station-by-october-31, poly_will-russia-capture-dobropillia-by-september-30, poly_will-russia-capture-novopavlivka-by-september-30"
2025-09-01,CONFLICT,ADIT-S3,Middle East Armed Conflict,0.2843,4,0.19250000000000003,0.2646875,0.22999999999999998,0.835,0.0,0.0,"poly_israel-x-hamas-ceasefire-by-october-31, poly_will-israel-strike-greater-beirut-by-december-31, poly_israel-strike-on-yemen-by-september-30, poly_israel-strikes-iran-by-october-31"
2025-09-01,CONFLICT,ADIT-S4,US-China Conflict Escalation,0.2232,2,0.385,0.385,0.22999999999999998,0.45,0.0,0.0,"poly_us-china-tariff-agreement-before-90-day-deadline-518, poly_will-china-invade-taiwan-before-2027"
2025-09-01,GENERAL,ADIT-X3,Major Economy Recession,0.1634,6,0.12833333333333333,0.12833333333333333,0.22999999999999998,0.835,0.0,0.0,"poly_will-us-gdp-growth-in-q2-2025-be-between-3pt0-and-3pt5-533, poly_will-us-gdp-growth-in-q2-2025-be-greater-than-3pt5-299, poly_will-us-gdp-growth-in-2025-be-between-1pt0-and-1pt5, poly_will-us-gdp-growth-in-2025-be-between-1pt5-and-2pt0, poly_will-us-gdp-growth-in-q2-2025-be-between-2pt0-and-2pt5-481"
2025-09-01,POLITICAL,ADIT-P1,China Governance,0.0956,1,0.8357,0.8357,0.1643,0.065,0.0,0.0,poly_xi-jinping-out-before-2027
2025-09-01,POLITICAL,ADIT-P2,EM Governance,0.1511,12,0.06538059574468087,0.07931698589025758,0.2154328510638298,0.3428765957446809,0.0,0.0,"poly_will-pakistan-win-the-2025-asia-cup, poly_will-brazil-win-the-2025-sailgp-championship-season-5, poly_will-india-win-the-2025-asia-cup, poly_brazil-unemployment-below-6pt3-for-q4-2025, poly_us-agrees-to-a-new-trade-deal-with-mexico"
2025-10-01,CONFLICT,ADIT-S2,Europe War & NATO Conflict,0.1252,6,0.12833333333333338,0.13860000000000003,0.22999999999999998,0.46125000000000005,0.0,0.0,"poly_russia-x-ukraine-ceasefire-before-2027, poly_will-russia-capture-kupiansk-by-october-31-984, poly_will-russia-capture-pokrovsk-train-station-by-october-31, poly_will-russia-capture-velykomykhailivka-by-october-31, poly_will-ukraine-recapture-crimean-territory-by-june-30-2026-992"
2025-10-01,CONFLICT,ADIT-S3,Middle East Armed Conflict,0.2843,6,0.12919999999999998,0.170544,0.2248,0.34,0.0,0.0,"poly_israel-x-hamas-ceasefire-by-october-31, poly_will-israel-strike-greater-beirut-by-december-31, poly_israel-strikes-iran-by-october-31, poly_will-israel-strike-0-countries-in-october-2025, poly_will-israel-strike-1-country-in-october-2025"
2025-10-01,CONFLICT,ADIT-S4,US-China Conflict Escalation,0.2232,3,0.2661,0.2661,0.2017,0.23500000000000001,0.0,0.0,"poly_us-china-tariff-agreement-before-90-day-deadline-518, poly_will-china-invade-taiwan-before-2027, poly_will-china-blockade-taiwan-by-december-31"
2025-10-01,GENERAL,ADIT-X3,Major Economy Recession,0.1634,8,0.10185,0.10185,0.18519999999999998,0.15999999999999998,0.0,0.0,"poly_us-recession-by-end-of-2026, poly_will-us-gdp-growth-in-q2-2025-be-between-3pt0-and-3pt5-533, poly_will-us-gdp-growth-in-q2-2025-be-greater-than-3pt5-299, poly_will-us-gdp-growth-in-2025-be-between-1pt0-and-1pt5, poly_will-us-gdp-growth-in-2025-be-between-1pt5-and-2pt0"
2025-10-01,GENERAL,ADIT-X4,Pandemic & Health Crisis,0.2818,6,0.12833333333333333,0.12833333333333333,0.22999999999999998,0.45,0.0,0.0,"poly_1550-measles-cases-in-us-by-october-31, poly_will-there-be-between-1650-and-1699-measles-cases-in-the-us-on-december-31, poly_will-there-be-at-least-1750-measles-cases-in-the-us-in-2025-613-814, poly_1600-measles-cases-in-us-by-october-31, poly_will-there-be-between-1700-and-1749-measles-cases-in-the-us-on-december-31"
2025-10-01,POLITICAL,ADIT-P1,China Governance,0.0956,1,0.842927,0.842927,0.15707300000000002,0.03215000000000001,0.0,0.0,poly_xi-jinping-out-before-2027
2025-10-01,POLITICAL,ADIT-P2,EM Governance,0.1511,18,0.045555555555555564,0.056537698412698435,0.18,0.566390717325228,0.0,0.0,"poly_cricket-icc-aus-sa-2025-10-25, poly_cricket-icc-sa-sl-2025-10-17, poly_cricket-icc-sa-pak-2025-10-21, poly_will-brazil-win-the-2025-sailgp-championship-season-5, poly_will-annual-inflation-increase-by-less-than-24-in-december"
2025-10-01,POLITICAL,ADIT-P4,US Governance,0.1973,1,0.77,0.77,0.22999999999999998,0.45,0.0,0.0,poly_will-the-supreme-court-rule-in-favor-of-trumps-tariffs
2025-11-01,CONFLICT,ADIT-S2,Europe War & NATO Conflict,0.1252,10,0.077,0.1386,0.22999999999999998,0.6964,0.0,0.0,"poly_russia-x-ukraine-ceasefire-before-2027, poly_will-russia-capture-drobysheve-by-november-30, poly_will-russia-recapture-territory-in-vilne-by-november-30, poly_will-russia-capture-ivanopillya-by-november-30, poly_will-russia-capture-myrnohard-by-november-30-147-724-647-448-955"
2025-11-01,CONFLICT,ADIT-S3,Middle East Armed Conflict,0.2843,8,0.09625,0.13859999999999997,0.22999999999999998,0.6980639999999999,0.0,0.0,"poly_will-israel-strike-greater-beirut-by-december-31, poly_will-the-israeliran-conflict-be-the-1-searched-news-on-google-this-year, poly_will-the-gazaisrael-conflict-be-the-1-searched-news-on-google-this-year, poly_foreign-intervention-in-gaza-in-2025, poly_israel-strikes-iran-by-november-30"
2025-11-01,CONFLICT,ADIT-S4,US-China Conflict Escalation,0.2232,3,0.2600903333333333,0.2600903333333333,0.219729,0.31694999999999995,0.0,0.0,"poly_will-china-invade-taiwan-before-2027, poly_will-china-blockade-taiwan-by-december-31, poly_will-trump-agree-to-a-tariff-agreement-with-china-by-november-30"
2025-11-01,GENERAL,ADIT-X3,Major Economy Recession,0.1634,9,0.08555555555555555,0.0924,0.22999999999999998,0.4591351711026616,0.0,0.0,"poly_us-recession-by-end-of-2026, poly_will-us-gdp-growth-in-q4-2025-be-between-3pt0-and-3pt5, poly_will-us-gdp-growth-in-q4-2025-be-greater-than-3pt5, poly_will-us-gdp-growth-in-2025-be-between-1pt0-and-1pt5, poly_will-us-gdp-growth-in-2025-be-between-1pt5-and-2pt0"
2025-11-01,GENERAL,ADIT-X4,Pandemic & Health Crisis,0.2818,4,0.19480833333333333,0.19480833333333333,0.22076666666666667,0.32166666666666666,0.0,0.0,"poly_will-there-be-at-least-1750-measles-cases-in-the-us-in-2025-613-814, poly_will-there-be-between-1650-and-1699-measles-cases-in-the-us-on-december-31, poly_will-there-be-between-1700-and-1749-measles-cases-in-the-us-on-december-31, poly_will-there-be-between-1750-and-1799-measles-cases-in-the-us-on-december-31"
2025-11-01,POLITICAL,ADIT-P1,China Governance,0.0956,1,0.84372197,0.84372197,0.15627803,0.02853650000000002,0.0,0.0,poly_xi-jinping-out-before-2027
2025-11-01,POLITICAL,ADIT-P2,EM Governance,0.1511,18,0.04555555555555556,0.05800198412698413,0.18,0.45658928571428575,0.0,0.0,"poly_will-brazil-win-the-2025-sailgp-championship-season-5, poly_will-annual-inflation-increase-by-between-33-and-35pt9-in-december, poly_will-annual-inflation-increase-by-between-27-and-29pt9-in-december, poly_will-annual-inflation-increase-by-less-than-24-in-december, poly_us-agrees-to-a-new-trade-deal-with-mexico"
2025-11-01,POLITICAL,ADIT-P3,EU Breakup Risk,0.301,1,0.77,0.77,0.22999999999999998,0.45,0.0,0.0,poly_more-eu-sanctions-on-russia-by-december-31
2025-11-01,POLITICAL,ADIT-P4,US Governance,0.1973,2,0.385,0.385,0.22999999999999998,0.385,0.0,0.0,"poly_will-the-supreme-court-rule-in-favor-of-trumps-tariffs, poly_will-the-government-shutdown-end-by-january-31-161"
2025-12-01,CONFLICT,ADIT-S2,Europe War & NATO Conflict,0.1252,5,0.15399999999999997,0.3465,0.22999999999999998,0.6964,0.0,0.0,"poly_russia-x-ukraine-ceasefire-before-2027, poly_will-russia-capture-kostyantynivka-by-december-31-2026-936-942-271-276-578, poly_will-russia-capture-slovainsk-by-2027, poly_will-russia-capture-kostyantynivka-by-march-31-872-578, poly_ukraine-strike-in-russia-on-30-november-2025"
2025-12-01,CONFLICT,ADIT-S3,Middle East Armed Conflict,0.2843,18,0.045555555555555564,0.07757241120461296,0.18,0.6999569967396505,0.0,0.0,"poly_hezbollah-strike-on-israel-by-march-31-737-523, poly_houthi-strike-on-israel-by-december-31, poly_will-the-us-invade-iran-before-2027, poly_will-israel-strike-greater-beirut-by-november-30-289, poly_israel-x-hamas-ceasefire-cancelled-by-march-31-2026-824"
2025-12-01,CONFLICT,ADIT-S4,US-China Conflict Escalation,0.2232,3,0.2598699788888889,0.2598699788888889,0.22039006333333333,0.3199548333333333,0.0,0.0,"poly_china-x-taiwan-military-clash-before-2027, poly_will-china-invade-taiwan-before-2027, poly_will-china-blockade-taiwan-by-december-31"
2025-12-01,ENERGY,ADIT-E3,Oil Supply Disruption,0.2753,2,0.385,0.616,0.22999999999999998,0.45000000000000007,0.0,0.0,"poly_will-lng-esports-win-the-lpl-2026-season, poly_nord-stream-pipeline-turned-on-before-2027"
2025-12-01,GENERAL,ADIT-X3,Major Economy Recession,0.1634,16,0.05125000000000001,0.06416500000000001,0.18,0.6328374999999998,0.0,0.0,"poly_canada-recession-before-2027, poly_us-recession-by-end-of-2026, poly_will-us-gdp-growth-in-q4-2025-be-between-3pt0-and-3pt5, poly_will-uk-gdp-growth-in-q4-2025-be-between-0pt5-and-1pt0, poly_will-us-gdp-growth-in-q4-2025-be-greater-than-3pt5"
2025-12-01,GENERAL,ADIT-X4,Pandemic & Health Crisis,0.2818,4,0.1925,0.1925,0.22999999999999998,0.6448083333333332,0.0,0.0,"poly_new-covid-variant-of-concern-before-2027, poly_will-there-be-at-least-10000-measles-cases-in-the-us-in-2026-418-668-617, poly_will-there-be-at-least-5000-measles-cases-in-the-us-in-2026-436-426, poly_will-there-be-between-1750-and-1799-measles-cases-in-the-us-on-december-31"
2025-12-01,POLITICAL,ADIT-P1,China Governance,0.0956,1,0.8438094167,0.8438094167,0.15619058330000002,0.02813901499999999,0.0,0.0,poly_xi-jinping-out-before-2027
2025-12-01,POLITICAL,ADIT-P2,EM Governance,0.1511,18,0.04555555555555556,0.05653769841269843,0.18,0.6600436507936509,0.0,0.0,"poly_us-agrees-to-a-new-trade-deal-with-vietnam-before-2027, poly_will-donald-trump-visit-india-in-2026, poly_will-india-strike-pakistan-by-december-31-2026, poly_will-mexico-gdp-growth-in-q4-2025-be-between-0pt5-and-1pt0, poly_will-monthly-inflation-be-3pt0-or-higher-in-december"
2025-12-01,POLITICAL,ADIT-P3,EU Breakup Risk,0.301,1,0.77,0.77,0.22999999999999998,0.835,0.0,0.0,poly_us-agrees-to-a-new-trade-deal-with-european-union-before-2027-711
2025-12-01,POLITICAL,ADIT-P4,US Governance,0.1973,2,0.385,0.385,0.22999999999999998,0.44999999999999996,0.0,0.0,"poly_will-the-supreme-court-rule-in-favor-of-trumps-tariffs, poly_us-congress-stock-trading-ban-before-2027"
2026-01-01,CONFLICT,ADIT-S2,Europe War & NATO Conflict,0.1252,8,0.09625,0.1386,0.22999999999999998,0.3864823529411764,0.0,0.0,"poly_russia-x-ukraine-ceasefire-before-2027, poly_european-country-agrees-to-give-ukraine-security-guarantee-by-june-30, poly_us-agrees-to-give-ukraine-security-guarantee-by-june-30, poly_will-russia-capture-all-of-stepnohirsk-by-march-31-2026-627, poly_will-russia-capture-sumy-by-march-31-2027"
2026-01-01,CONFLICT,ADIT-S3,Middle East Armed Conflict,0.2843,13,0.06102564102564102,0.14279999999999998,0.20666666666666667,0.4840921776375285,0.0,0.0,"poly_will-the-us-invade-iran-before-2027, poly_hezbollah-strike-on-israel-by-march-31-737-523, poly_israel-x-hamas-ceasefire-phase-ii-by-june-30, poly_will-israel-strike-lebanon-on-january-11-2026, poly_israel-x-iran-ceasefire-broken-by-march-31-2026-312-682"
2026-01-01,CONFLICT,ADIT-S4,US-China Conflict Escalation,0.2232,4,0.1925,0.1925,0.22999999999999998,0.38980496833333333,0.0,0.0,"poly_china-x-taiwan-military-clash-before-2027, poly_will-china-invade-taiwan-before-2027, poly_will-china-blockade-taiwan-by-june-30, poly_will-china-invade-taiwan-by-june-30-2026"
2026-01-01,ENERGY,ADIT-E3,Oil Supply Disruption,0.2753,6,0.12833333333333333,0.12833333333333333,0.22999999999999998,0.835,0.0,0.0,"poly_cl-hit-52-low-jun-2026-281, poly_cl-above-70-jun-2026, poly_cl-above-85-jun-2026, poly_cl-above-60-jun-2026, poly_cl-above-80-jun-2026"
2026-01-01,GENERAL,ADIT-X3,Major Economy Recession,0.1634,18,0.04555555555555556,0.05726984126984127,0.18,0.47511928571428574,0.0,0.0,"poly_canada-recession-before-2027, poly_us-recession-by-end-of-2026, poly_will-us-gdp-growth-in-q4-2025-be-between-3pt0-and-3pt5, poly_will-us-gdp-growth-in-q1-2026-be-between-1pt5-and-2pt0, poly_will-uk-gdp-growth-in-q4-2025-be-between-0pt5-and-1pt0"
2026-01-01,GENERAL,ADIT-X4,Pandemic & Health Crisis,0.2818,4,0.1983375,0.1983375,0.20665,0.2575,0.0,0.0,"poly_new-pandemic-in-2026, poly_will-there-be-at-least-10000-measles-cases-in-the-us-in-2026-418-668-617, poly_new-covid-variant-of-concern-before-2027, poly_will-there-be-at-least-5000-measles-cases-in-the-us-in-2026-436-426"
2026-01-01,POLITICAL,ADIT-P1,China Governance,0.0956,1,0.843819035837,0.843819035837,0.156180964163,0.02809529165000002,0.0,0.0,poly_xi-jinping-out-before-2027
2026-01-01,POLITICAL,ADIT-P2,EM Governance,0.1511,18,0.04555555555555556,0.05726984126984127,0.18,0.5723511904761905,0.0,0.0,"poly_will-the-central-bank-of-colombia-announce-an-increase-at-the-january-meeting, poly_will-the-central-bank-of-colombia-announce-no-change-at-the-january-meeting, poly_will-the-central-bank-of-colombia-announce-a-decrease-at-the-january-meeting, poly_will-india-strike-pakistan-by-december-31-2026, poly_will-donald-trump-visit-india-in-2026"
2026-01-01,POLITICAL,ADIT-P3,EU Breakup Risk,0.301,4,0.1925,0.1925,0.22999999999999998,0.6100000000000001,0.0,0.0,"poly_us-agrees-to-a-new-trade-deal-with-european-union-before-2027-711, poly_eunato-country-announces-peacekeeping-force-in-ukraine-before-2027, poly_ecb-rate-cut-in-2026, poly_ecb-rate-hike-in-2026"
2026-01-01,POLITICAL,ADIT-P4,US Governance,0.1973,3,0.2661,0.2661,0.2017,0.23500000000000001,0.0,0.0,"poly_supreme-court-vacancy-in-2026, poly_us-congress-stock-trading-ban-before-2027, poly_will-the-supreme-court-rule-in-favor-of-trumps-tariffs"
2026-02-01,CONFLICT,ADIT-S2,Europe War & NATO Conflict,0.1252,11,0.07077319447423741,0.14013092505899008,0.22149486078338837,0.3249766399244926,0.0,0.0,"poly_will-nato-countries-clash-with-each-other-before-2027, poly_russia-x-ukraine-ceasefire-before-2027, poly_russia-x-ukraine-ceasefire-by-june-30-2026, poly_european-country-agrees-to-give-ukraine-security-guarantee-by-june-30, poly_us-agrees-to-give-ukraine-security-guarantee-by-june-30"
2026-02-01,CONFLICT,ADIT-S3,Middle East Armed Conflict,0.2843,18,0.04555555555555556,0.0984,0.18,0.3822588204359931,0.0,0.0,"poly_hezbollah-strike-on-israel-by-march-31-737-523, poly_will-israel-or-the-us-target-an-iranian-oil-or-gas-facility-786, poly_israel-x-hamas-ceasefire-phase-ii-by-june-30, poly_israel-x-hamas-ceasefire-cancelled-by-june-30, poly_israel-x-iran-ceasefire-broken-by-march-31-2026-312-682"
2026-02-01,CONFLICT,ADIT-S4,US-China Conflict Escalation,0.2232,6,0.13305,0.13305,0.2017,0.235,0.0,0.0,"poly_china-x-taiwan-military-clash-before-2027, poly_us-agrees-to-a-new-trade-deal-with-taiwan-before-2027, poly_will-china-invade-taiwan-before-2027, poly_taiwanese-premier-cho-jung-tai-out-by-june-30-2026, poly_will-china-blockade-taiwan-by-june-30"
2026-02-01,ENERGY,ADIT-E3,Oil Supply Disruption,0.2753,12,0.065,0.10758013544018058,0.22,0.5601641791044775,0.0,0.0,"poly_will-venezuelan-crude-oil-production-reach-1pt2m-barrels-per-day-in-2026, poly_will-venezuelan-crude-oil-production-reach-1pt3m-barrels-per-day-in-2026, poly_will-venezuelan-crude-oil-production-reach-1m-barrels-per-day-in-2026, poly_will-venezuelan-crude-oil-production-reach-1pt5m-barrels-per-day-in-2026, poly_will-venezuelan-crude-oil-production-reach-1pt4m-barrels-per-day-in-2026"
2026-02-01,GENERAL,ADIT-X3,Major Economy Recession,0.1634,18,0.04555555555555556,0.05800198412698413,0.18,0.628561507936508,0.0,0.0,"poly_will-canada-have-the-highest-unemployment-rate-since-2016-this-year, poly_canada-recession-before-2027, poly_us-recession-by-end-of-2026, poly_will-eurozone-annual-gdp-growth-in-2026-be-between-1pt0-and-2pt0, poly_will-us-gdp-growth-in-q1-2026-be-greater-than-3pt5"
2026-02-01,GENERAL,ADIT-X4,Pandemic & Health Crisis,0.2818,10,0.07699999999999999,0.0924,0.22999999999999998,0.4515988410596027,0.0,0.0,"poly_new-coronavirus-pandemic-in-2026, poly_new-pandemic-in-2026, poly_will-there-be-at-least-7500-measles-cases-in-the-us-in-2026-287-181, poly_new-covid-variant-of-concern-before-2027, poly_will-there-be-at-least-5000-measles-cases-in-the-us-in-2026-436-426"
2026-02-01,POLITICAL,ADIT-P1,China Governance,0.0956,6,0.12833333333333333,0.12833333333333333,0.22999999999999998,0.7219095179185,0.0,0.0,"poly_will-xi-jinping-purge-dong-jun-in-2026, poly_will-xi-jinping-purge-zhang-shengmin-in-2026, poly_will-trump-talk-to-xi-jinping-in-february, poly_will-xi-jinping-purge-wang-huning-in-2026, poly_will-xi-jinping-purge-li-qiang-in-2026"
2026-02-01,POLITICAL,ADIT-P2,EM Governance,0.1511,18,0.045555555555555564,0.05726984126984127,0.18,0.6153829365079367,0.0,0.0,"poly_will-the-central-bank-of-colombia-announce-no-change-at-the-april-meeting, poly_will-the-central-bank-of-colombia-announce-an-increase-at-the-april-meeting, poly_will-south-african-inflation-be-between-4pt7-and-5pt0-in-2026, poly_will-mexico-gdp-growth-in-q1-2026-be-less-than-0pt0, poly_any-brazil-stf-justice-removed-by-impeachment-before-2027"
2026-02-01,POLITICAL,ADIT-P3,EU Breakup Risk,0.301,11,0.06999999999999999,0.07899999999999999,0.22999999999999998,0.7092337662337663,0.0,0.0,"poly_will-eurozone-gdp-growth-in-q1-2026-be-between-2pt1-and-2pt4, poly_will-the-eurozones-2026-annual-inflation-be-at-least-3pt1, poly_will-eurozone-annual-gdp-growth-in-2026-be-between-1pt0-and-2pt0, poly_will-the-eurozones-2026-annual-inflation-be-between-1pt9-and-2pt1, poly_will-eurozone-gdp-growth-in-q1-2026-be-at-least-2pt5"
2026-02-01,POLITICAL,ADIT-P4,US Governance,0.1973,6,0.12833333333333333,0.12833333333333333,0.22999999999999998,0.39915,0.0,0.0,"poly_supreme-court-vacancy-in-2026, poly_us-congress-stock-trading-ban-before-2027, poly_will-the-supreme-court-rule-in-favor-of-trumps-tariffs, poly_will-the-government-shutdown-last-5-days-or-more, poly_will-the-government-shutdown-last-2-days-or-more"
2026-03-01,CONFLICT,ADIT-S2,Europe War & NATO Conflict,0.1252,13,0.06444311108053763,0.15079687992845806,0.1622395559530109,0.1616949513015646,0.0,0.0,"poly_will-nato-countries-clash-with-each-other-before-2027, poly_european-country-agrees-to-give-ukraine-security-guarantee-by-june-30, poly_russia-x-ukraine-ceasefire-by-june-30-2026, poly_ukraine-officially-agrees-to-a-us-backed-ceasefire-framework-by-june-30, poly_russia-x-ukraine-ceasefire-before-2027"
2026-03-01,CONFLICT,ADIT-S3,Middle East Armed Conflict,0.2843,15,0.05604976294090424,0.1573877343380591,0.1592535558864363,0.26933434493834685,0.0,0.0,"poly_hezbollah-strike-on-israel-by-march-31-737-523, poly_israel-x-hamas-ceasefire-phase-ii-by-june-30, poly_israel-x-hamas-ceasefire-cancelled-by-june-30, poly_israel-and-lebanon-normalize-relations-before-2027, poly_israel-and-saudi-arabia-normalize-relations-before-2027"
2026-03-01,CONFLICT,ADIT-S4,US-China Conflict Escalation,0.2232,9,0.0889707097505669,0.09608836653061224,0.19926361224489797,0.22392551020408163,0.0,0.0,"poly_china-x-taiwan-military-clash-before-2027, poly_us-agrees-to-a-new-trade-deal-with-taiwan-before-2027, poly_will-china-invade-taiwan-before-2027, poly_taiwanese-premier-cho-jung-tai-out-by-june-30-2026, poly_will-the-us-federal-government-take-a-stake-in-taiwan-semiconductor-manufacturing-company-limited"
2026-03-01,ENERGY,ADIT-E3,Oil Supply Disruption,0.2753,15,0.05546926923076924,0.252385175,0.16796096153846155,0.30891346153846155,0.0,0.0,"poly_will-the-kharg-island-oil-terminal-be-hit-by-march-31, poly_will-venezuelan-crude-oil-production-reach-1pt3m-barrels-per-day-in-2026, poly_will-venezuelan-crude-oil-production-reach-1pt2m-barrels-per-day-in-2026, poly_will-venezuelan-crude-oil-production-reach-1pt5m-barrels-per-day-in-2026, poly_will-venezuelan-crude-oil-production-reach-1m-barrels-per-day-in-2026"
2026-03-01,GENERAL,ADIT-X3,Major Economy Recession,0.1634,18,0.04820379409171075,0.061373759263196014,0.13233170634920635,0.14696230158730156,0.0,0.0,"poly_will-canada-have-the-highest-unemployment-rate-since-2016-this-year, poly_us-recession-by-end-of-2026, poly_canada-recession-before-2027, poly_will-japan-gdp-growth-in-q1-2026-be-less-than-or-equal-to-0pt4, poly_will-eurozone-annual-gdp-growth-in-2026-be-between-1pt0-and-2pt0"
2026-03-01,GENERAL,ADIT-X4,Pandemic & Health Crisis,0.2818,10,0.07790014834437087,0.09348017801324505,0.22099851655629138,0.3227205298013245,0.0,0.0,"poly_new-coronavirus-pandemic-in-2026, poly_new-pandemic-in-2026, poly_will-there-be-at-least-1600-measles-cases-in-the-us-by-march-31-2026-795, poly_new-covid-variant-of-concern-before-2027, poly_will-trump-say-china-virus-or-wuhan-lab-in-march"
2026-03-01,POLITICAL,ADIT-P1,China Governance,0.0956,11,0.06999999999999998,0.08619999999999998,0.22999999999999998,0.5077272727272727,0.0,0.0,"poly_will-xi-jinping-be-the-next-leader-out-before-2027-925, poly_will-xi-jinping-purge-dong-jun-in-2026, poly_will-trump-and-xi-handshake-last-15-seconds-or-longer-during-the-day-of-their-next-meeting-in-2026, poly_will-trump-talk-to-xi-jinping-in-march-165, poly_will-xi-jinping-purge-zhang-shengmin-in-2026"
2026-03-01,POLITICAL,ADIT-P2,EM Governance,0.1511,9,0.08555555555555555,0.0924,0.22999999999999998,0.7454603174603176,0.0,0.0,"poly_will-the-reserve-bank-of-india-decrease-the-policy-repo-rate-after-the-april-meeting, poly_will-the-reserve-bank-of-india-make-no-change-to-the-policy-repo-rate-after-the-april-meeting, poly_will-the-central-bank-of-colombia-announce-an-increase-at-the-april-meeting, poly_will-the-central-bank-of-colombia-announce-no-change-at-the-april-meeting, poly_will-mexicos-february-unemployment-rate-be-2pt5"
2026-03-01,POLITICAL,ADIT-P3,EU Breakup Risk,0.301,13,0.06607948717948718,0.07623316447779863,0.14096666666666668,0.06500000000000003,0.0,0.0,"poly_will-eurozone-gdp-growth-in-q1-2026-be-between-2pt1-and-2pt4, poly_will-the-eurozones-2026-annual-inflation-be-at-least-3pt1, poly_will-eurozone-annual-gdp-growth-in-2026-be-between-1pt0-and-2pt0, poly_will-the-eurozones-2026-annual-inflation-be-between-1pt9-and-2pt1, poly_will-eurozone-gdp-growth-in-q1-2026-be-at-least-2pt5"
2026-03-01,POLITICAL,ADIT-P4,US Governance,0.1973,6,0.12833333333333333,0.12833333333333333,0.22999999999999998,0.5783333333333334,0.0,0.0,"poly_supreme-court-vacancy-in-2026, poly_us-congress-stock-trading-ban-before-2027, poly_new-virginia-congressional-map-used-in-the-midterms, poly_will-the-dhs-shutdown-end-after-march-31-2026, poly_will-the-dhs-shutdown-end-between-march-20-23-2026"
