rebalance_date,basket_code,n_current,turnover,entries_n,exits_n,upsizes_n,downsizes_n,entries,exits,upsizes,downsizes
2023-11-01,ADIT-E3,1,0.385,1,0,0,0,poly_will-saudi-arabia-boost-oil-production-in-q4,,,
2023-12-01,ADIT-E3,1,0.03284999999999999,0,0,1,0,,,poly_will-saudi-arabia-boost-oil-production-in-q4,
2024-10-01,ADIT-E3,1,0.8028500000000001,1,1,0,0,poly_will-lng-esports-win-lol-worlds-2024,poly_will-saudi-arabia-boost-oil-production-in-q4,,
2025-12-01,ADIT-E3,2,0.77,2,1,0,0,"poly_nord-stream-pipeline-turned-on-before-2027, poly_will-lng-esports-win-the-lpl-2026-season",poly_will-lng-esports-win-lol-worlds-2024,,
2026-01-01,ADIT-E3,6,0.77,6,2,0,0,"poly_cl-above-60-jun-2026, poly_cl-above-70-jun-2026, poly_cl-above-80-jun-2026, poly_cl-above-85-jun-2026, poly_cl-hit-50-low-jun-2026-493, poly_cl-hit-52-low-jun-2026-281","poly_nord-stream-pipeline-turned-on-before-2027, poly_will-lng-esports-win-the-lpl-2026-season",,
2026-02-01,ADIT-E3,12,0.5368089552238806,6,0,0,6,"poly_will-israel-or-the-us-target-an-iranian-oil-or-gas-facility-786, poly_will-venezuelan-crude-oil-production-reach-1m-barrels-per-day-in-2026, poly_will-venezuelan-crude-oil-production-reach-1pt2m-barrels-per-day-in-2026, poly_will-venezuelan-crude-oil-production-reach-1pt3m-barrels-per-day-in-2026, poly_will-venezuelan-crude-oil-production-reach-1pt4m-barrels-per-day-in-2026, poly_will-venezuelan-crude-oil-production-reach-1pt5m-barrels-per-day-in-2026",,,"poly_cl-above-60-jun-2026, poly_cl-above-70-jun-2026, poly_cl-above-80-jun-2026, poly_cl-above-85-jun-2026, poly_cl-hit-50-low-jun-2026-493, poly_cl-hit-52-low-jun-2026-281"
2026-03-01,ADIT-E3,15,0.3150364827847633,4,1,0,11,"poly_will-crude-oil-cl-hit-high-100-by-end-of-march-658-396-769, poly_will-crude-oil-cl-hit-high-110-by-end-of-march-732-945-787, poly_will-crude-oil-cl-hit-high-120-by-end-of-march-766-813, poly_will-the-kharg-island-oil-terminal-be-hit-by-march-31",poly_will-israel-or-the-us-target-an-iranian-oil-or-gas-facility-786,,"poly_cl-above-60-jun-2026, poly_cl-above-70-jun-2026, poly_cl-above-80-jun-2026, poly_cl-above-85-jun-2026, poly_cl-hit-50-low-jun-2026-493, poly_cl-hit-52-low-jun-2026-281, poly_will-venezuelan-crude-oil-production-reach-1m-barrels-per-day-in-2026, poly_will-venezuelan-crude-oil-production-reach-1pt2m-barrels-per-day-in-2026, poly_will-venezuelan-crude-oil-production-reach-1pt3m-barrels-per-day-in-2026, poly_will-venezuelan-crude-oil-production-reach-1pt4m-barrels-per-day-in-2026, poly_will-venezuelan-crude-oil-production-reach-1pt5m-barrels-per-day-in-2026"
2022-03-01,ADIT-P1,1,0.385,1,0,0,0,poly_beijing-2022-winter-olympics-will-russia-have-any-medals-stripped-for-doping,,,
2022-05-01,ADIT-P1,1,0.77,1,1,0,0,poly_will-xi-jinping-remain-general-secretary-of-the-ccp-through-2022,poly_beijing-2022-winter-olympics-will-russia-have-any-medals-stripped-for-doping,,
2022-06-01,ADIT-P1,1,0.03284999999999999,0,0,1,0,,,poly_will-xi-jinping-remain-general-secretary-of-the-ccp-through-2022,
2022-07-01,ADIT-P1,1,0.0036134999999999917,0,0,1,0,,,poly_will-xi-jinping-remain-general-secretary-of-the-ccp-through-2022,
2022-08-01,ADIT-P1,1,0.00039748500000003073,0,0,1,0,,,poly_will-xi-jinping-remain-general-secretary-of-the-ccp-through-2022,
2022-09-01,ADIT-P1,1,4.3723349999968963e-05,0,0,1,0,,,poly_will-xi-jinping-remain-general-secretary-of-the-ccp-through-2022,
2022-10-01,ADIT-P1,1,4.8095685000193455e-06,0,0,1,0,,,poly_will-xi-jinping-remain-general-secretary-of-the-ccp-through-2022,
2022-11-01,ADIT-P1,2,0.4219095179185,1,0,0,1,poly_will-the-digital-commodities-consumer-protection-act-dccpa-become-law-by-dec-31,,,poly_will-xi-jinping-remain-general-secretary-of-the-ccp-through-2022
2022-12-01,ADIT-P1,2,0.03284999999999999,0,0,2,0,,,"poly_will-the-digital-commodities-consumer-protection-act-dccpa-become-law-by-dec-31, poly_will-xi-jinping-remain-general-secretary-of-the-ccp-through-2022",
2025-06-01,ADIT-P1,1,0.8028500000000001,1,2,0,0,poly_trump-x-xi-talk-before-july,"poly_will-the-digital-commodities-consumer-protection-act-dccpa-become-law-by-dec-31, poly_will-xi-jinping-remain-general-secretary-of-the-ccp-through-2022",,
2025-08-01,ADIT-P1,1,0.77,1,1,0,0,poly_xi-jinping-out-before-2027,poly_trump-x-xi-talk-before-july,,
2025-09-01,ADIT-P1,1,0.03284999999999999,0,0,1,0,,,poly_xi-jinping-out-before-2027,
2025-10-01,ADIT-P1,1,0.0036134999999999917,0,0,1,0,,,poly_xi-jinping-out-before-2027,
2025-11-01,ADIT-P1,1,0.00039748500000003073,0,0,1,0,,,poly_xi-jinping-out-before-2027,
2025-12-01,ADIT-P1,1,4.3723349999968963e-05,0,0,1,0,,,poly_xi-jinping-out-before-2027,
2026-01-01,ADIT-P1,1,4.8095685000193455e-06,0,0,1,0,,,poly_xi-jinping-out-before-2027,
2026-02-01,ADIT-P1,6,0.6785761845851667,5,0,0,1,"poly_will-trump-talk-to-xi-jinping-in-february, poly_will-xi-jinping-purge-dong-jun-in-2026, poly_will-xi-jinping-purge-li-qiang-in-2026, poly_will-xi-jinping-purge-wang-huning-in-2026, poly_will-xi-jinping-purge-zhang-shengmin-in-2026",,,poly_xi-jinping-out-before-2027
2026-03-01,ADIT-P1,11,0.48999999999999994,7,2,0,4,"poly_will-trump-and-xi-handshake-last-1015-seconds-during-the-day-of-their-next-meeting-in-2026, poly_will-trump-and-xi-handshake-last-15-seconds-or-longer-during-the-day-of-their-next-meeting-in-2026, poly_will-trump-and-xi-handshake-last-26-seconds-during-the-day-of-their-next-meeting-in-2026, poly_will-trump-and-xi-handshake-last-610-seconds-during-the-day-of-their-next-meeting-in-2026, poly_will-trump-talk-to-xi-jinping-in-march-165, poly_will-xi-jinping-be-the-next-leader-out-before-2027-925, poly_will-xi-jinping-purge-cai-qi-in-2026","poly_will-trump-talk-to-xi-jinping-in-february, poly_will-xi-jinping-purge-li-qiang-in-2026",,"poly_will-xi-jinping-purge-dong-jun-in-2026, poly_will-xi-jinping-purge-wang-huning-in-2026, poly_will-xi-jinping-purge-zhang-shengmin-in-2026, poly_xi-jinping-out-before-2027"
2023-10-01,ADIT-P2,1,0.385,1,0,0,0,poly_will-canada-sanction-india-by-october-31,,,
2025-02-01,ADIT-P2,1,0.77,1,1,0,0,poly_will-trump-say-mexico-5-times-during-the-2025-state-of-the-union,poly_will-canada-sanction-india-by-october-31,,
2025-03-01,ADIT-P2,1,0.77,1,1,0,0,poly_trump-tariffs-on-mexico-in-effect-by-may-1,poly_will-trump-say-mexico-5-times-during-the-2025-state-of-the-union,,
2025-04-01,ADIT-P2,2,0.77,2,1,0,0,"poly_brazil-unemployment-below-6pt3-for-q4-2025, poly_trump-announces-buffer-zone-on-mexico-border-before-may",poly_trump-tariffs-on-mexico-in-effect-by-may-1,,
2025-05-01,ADIT-P2,2,0.385,1,1,0,0,poly_will-the-next-pope-after-francis-be-from-the-philippines,poly_trump-announces-buffer-zone-on-mexico-border-before-may,,
2025-06-01,ADIT-P2,1,0.385,0,1,1,0,,poly_will-the-next-pope-after-francis-be-from-the-philippines,poly_brazil-unemployment-below-6pt3-for-q4-2025,
2025-07-01,ADIT-P2,2,0.385,1,0,0,1,poly_will-brazil-win-the-2025-sailgp-championship-season-5,,,poly_brazil-unemployment-below-6pt3-for-q4-2025
2025-08-01,ADIT-P2,15,0.6647304964539009,13,0,0,2,"poly_us-agrees-to-a-new-trade-deal-with-argentina, poly_us-agrees-to-a-new-trade-deal-with-brazil, poly_us-agrees-to-a-new-trade-deal-with-india, poly_us-agrees-to-a-new-trade-deal-with-indonesia, poly_us-agrees-to-a-new-trade-deal-with-mexico, poly_will-colombia-win-intervision-2025, poly_will-india-win-intervision-2025, poly_will-india-win-the-2025-asia-cup, poly_will-pakistan-win-the-2025-asia-cup, poly_will-trump-agree-to-a-tariff-agreement-with-brazil-in-august, poly_will-trump-agree-to-a-tariff-agreement-with-india-in-august, poly_will-trump-agree-to-a-tariff-agreement-with-mexico-in-august, poly_will-vietnam-win-intervision-2025",,,"poly_brazil-unemployment-below-6pt3-for-q4-2025, poly_will-brazil-win-the-2025-sailgp-championship-season-5"
2025-09-01,ADIT-P2,12,0.285160170212766,3,6,9,0,"poly_will-trump-agree-to-a-tariff-agreement-with-brazil-in-september, poly_will-trump-agree-to-a-tariff-agreement-with-india-in-september, poly_will-trump-agree-to-a-tariff-agreement-with-mexico-in-september","poly_will-colombia-win-intervision-2025, poly_will-india-win-intervision-2025, poly_will-trump-agree-to-a-tariff-agreement-with-brazil-in-august, poly_will-trump-agree-to-a-tariff-agreement-with-india-in-august, poly_will-trump-agree-to-a-tariff-agreement-with-mexico-in-august, poly_will-vietnam-win-intervision-2025","poly_brazil-unemployment-below-6pt3-for-q4-2025, poly_us-agrees-to-a-new-trade-deal-with-argentina, poly_us-agrees-to-a-new-trade-deal-with-brazil, poly_us-agrees-to-a-new-trade-deal-with-india, poly_us-agrees-to-a-new-trade-deal-with-indonesia, poly_us-agrees-to-a-new-trade-deal-with-mexico, poly_will-brazil-win-the-2025-sailgp-championship-season-5, poly_will-india-win-the-2025-asia-cup, poly_will-pakistan-win-the-2025-asia-cup",
2025-10-01,ADIT-P2,18,0.5509145268490376,12,6,0,6,"poly_cricket-icc-aus-sa-2025-10-25, poly_cricket-icc-eng-pak-2025-10-15, poly_cricket-icc-ind-ban-2025-10-26, poly_cricket-icc-ind-eng-2025-10-19, poly_cricket-icc-ind-nz-2025-10-23, poly_cricket-icc-nz-pak-2025-10-18, poly_cricket-icc-pak-sl-2025-10-24, poly_cricket-icc-sa-pak-2025-10-21, poly_cricket-icc-sa-sl-2025-10-17, poly_will-annual-inflation-increase-by-between-27-and-29pt9-in-december, poly_will-annual-inflation-increase-by-between-33-and-35pt9-in-december, poly_will-annual-inflation-increase-by-less-than-24-in-december","poly_us-agrees-to-a-new-trade-deal-with-argentina, poly_will-india-win-the-2025-asia-cup, poly_will-pakistan-win-the-2025-asia-cup, poly_will-trump-agree-to-a-tariff-agreement-with-brazil-in-september, poly_will-trump-agree-to-a-tariff-agreement-with-india-in-september, poly_will-trump-agree-to-a-tariff-agreement-with-mexico-in-september",,"poly_brazil-unemployment-below-6pt3-for-q4-2025, poly_us-agrees-to-a-new-trade-deal-with-brazil, poly_us-agrees-to-a-new-trade-deal-with-india, poly_us-agrees-to-a-new-trade-deal-with-indonesia, poly_us-agrees-to-a-new-trade-deal-with-mexico, poly_will-brazil-win-the-2025-sailgp-championship-season-5"
2025-11-01,ADIT-P2,18,0.4165892857142858,9,9,9,0,"poly_will-a-major-philippines-earthquake-and-related-tsunami-alerts-be-the-1-searched-news-on-google-this-year, poly_will-argentina-dollarize-by-june-30-2026, poly_will-india-strike-pakistan-by-dec-31-394-882, poly_will-the-official-usd-to-ars-exchange-rate-be-between-1350pt00-and-1374pt99-on-december-31-2025, poly_will-the-official-usd-to-ars-exchange-rate-be-between-1375pt00-and-1399pt99-on-december-31-2025, poly_will-the-official-usd-to-ars-exchange-rate-be-less-than-1325pt00-on-december-31-2025, poly_will-trump-agree-to-a-tariff-agreement-with-argentina-by-november-30, poly_will-trump-agree-to-a-tariff-agreement-with-india-by-november-30, poly_will-trump-agree-to-a-tariff-agreement-with-mexico-by-november-30","poly_cricket-icc-aus-sa-2025-10-25, poly_cricket-icc-eng-pak-2025-10-15, poly_cricket-icc-ind-ban-2025-10-26, poly_cricket-icc-ind-eng-2025-10-19, poly_cricket-icc-ind-nz-2025-10-23, poly_cricket-icc-nz-pak-2025-10-18, poly_cricket-icc-pak-sl-2025-10-24, poly_cricket-icc-sa-pak-2025-10-21, poly_cricket-icc-sa-sl-2025-10-17","poly_brazil-unemployment-below-6pt3-for-q4-2025, poly_us-agrees-to-a-new-trade-deal-with-brazil, poly_us-agrees-to-a-new-trade-deal-with-india, poly_us-agrees-to-a-new-trade-deal-with-indonesia, poly_us-agrees-to-a-new-trade-deal-with-mexico, poly_will-annual-inflation-increase-by-between-27-and-29pt9-in-december, poly_will-annual-inflation-increase-by-between-33-and-35pt9-in-december, poly_will-annual-inflation-increase-by-less-than-24-in-december, poly_will-brazil-win-the-2025-sailgp-championship-season-5",
2025-12-01,ADIT-P2,18,0.6244365079365081,13,13,0,3,"poly_pakistan-strike-on-india-by-november-30-288, poly_pakistan-strikes-kabul-by-december-31, poly_us-agrees-to-a-new-trade-deal-with-vietnam-before-2027, poly_us-strikes-nigeria-by-november-30, poly_will-annual-inflation-increase-by-between-24-and-26pt9-in-december, poly_will-donald-trump-visit-india-in-2026, poly_will-donald-trump-visit-new-mexico-in-2026, poly_will-india-strike-pakistan-by-december-31-2026, poly_will-mexico-gdp-growth-in-q4-2025-be-between-0pt5-and-1pt0, poly_will-monthly-inflation-be-3pt0-or-higher-in-december, poly_will-pakistan-invade-india-in-2025, poly_will-the-bank-of-brazil-raise-the-selic-rate-after-january-2026-meeting, poly_will-trump-agree-to-a-tariff-agreement-with-india-by-december-31","poly_us-agrees-to-a-new-trade-deal-with-india, poly_us-agrees-to-a-new-trade-deal-with-indonesia, poly_us-agrees-to-a-new-trade-deal-with-mexico, poly_will-annual-inflation-increase-by-between-27-and-29pt9-in-december, poly_will-annual-inflation-increase-by-between-33-and-35pt9-in-december, poly_will-annual-inflation-increase-by-less-than-24-in-december, poly_will-brazil-win-the-2025-sailgp-championship-season-5, poly_will-india-strike-pakistan-by-dec-31-394-882, poly_will-the-official-usd-to-ars-exchange-rate-be-between-1350pt00-and-1374pt99-on-december-31-2025, poly_will-the-official-usd-to-ars-exchange-rate-be-between-1375pt00-and-1399pt99-on-december-31-2025, poly_will-trump-agree-to-a-tariff-agreement-with-argentina-by-november-30, poly_will-trump-agree-to-a-tariff-agreement-with-india-by-november-30, poly_will-trump-agree-to-a-tariff-agreement-with-mexico-by-november-30",,"poly_us-agrees-to-a-new-trade-deal-with-brazil, poly_will-a-major-philippines-earthquake-and-related-tsunami-alerts-be-the-1-searched-news-on-google-this-year, poly_will-the-official-usd-to-ars-exchange-rate-be-less-than-1325pt00-on-december-31-2025"
2026-01-01,ADIT-P2,18,0.5547202380952382,12,12,0,5,"poly_greece-x-turkey-military-engagement-by-june-30, poly_us-agrees-to-a-new-trade-deal-with-south-africa-before-2027, poly_us-strike-on-nigeria-by-january-31-2026, poly_will-a-team-from-cblol-brazil-win-lol-worlds-2026, poly_will-annual-inflation-increase-by-less-than-24-in-december, poly_will-mexico-gdp-growth-in-q4-2025-be-between-1pt5-and-2pt0, poly_will-mexico-gdp-growth-in-q4-2025-be-over-2pt5, poly_will-the-bank-of-mexico-announce-a-decrease-at-the-march-meeting, poly_will-the-bank-of-mexico-announce-an-increase-at-the-february-meeting, poly_will-the-central-bank-of-colombia-announce-a-decrease-at-the-january-meeting, poly_will-the-central-bank-of-colombia-announce-an-increase-at-the-january-meeting, poly_will-the-central-bank-of-colombia-announce-no-change-at-the-january-meeting","poly_brazil-unemployment-below-6pt3-for-q4-2025, poly_pakistan-strike-on-india-by-november-30-288, poly_pakistan-strikes-kabul-by-december-31, poly_us-agrees-to-a-new-trade-deal-with-brazil, poly_us-strikes-nigeria-by-november-30, poly_will-a-major-philippines-earthquake-and-related-tsunami-alerts-be-the-1-searched-news-on-google-this-year, poly_will-annual-inflation-increase-by-between-24-and-26pt9-in-december, poly_will-mexico-gdp-growth-in-q4-2025-be-between-0pt5-and-1pt0, poly_will-monthly-inflation-be-3pt0-or-higher-in-december, poly_will-pakistan-invade-india-in-2025, poly_will-the-official-usd-to-ars-exchange-rate-be-less-than-1325pt00-on-december-31-2025, poly_will-trump-agree-to-a-tariff-agreement-with-india-by-december-31",,"poly_us-agrees-to-a-new-trade-deal-with-vietnam-before-2027, poly_will-donald-trump-visit-india-in-2026, poly_will-donald-trump-visit-new-mexico-in-2026, poly_will-india-strike-pakistan-by-december-31-2026, poly_will-the-bank-of-brazil-raise-the-selic-rate-after-january-2026-meeting"
2026-02-01,ADIT-P2,18,0.5929543650793652,13,13,0,5,"poly_any-brazil-stf-justice-removed-by-impeachment-before-2027, poly_gustavo-petro-out-as-leader-of-colombia-by-june-30, poly_us-anti-cartel-ground-operation-in-mexico-by-march-31, poly_us-strike-on-nigeria-by-june-30-2026, poly_will-argentinas-annual-inflation-in-2026-be-at-least-45, poly_will-brazils-annual-inflation-in-2026-be-less-than-3pt00, poly_will-colombia-win-the-2026-world-baseball-classic, poly_will-mexico-gdp-growth-in-q1-2026-be-less-than-0pt0, poly_will-south-african-inflation-be-between-4pt7-and-5pt0-in-2026, poly_will-the-central-bank-of-colombia-announce-an-increase-at-the-april-meeting, poly_will-the-central-bank-of-colombia-announce-no-change-at-the-april-meeting, poly_will-the-official-usd-to-ars-exchange-rate-be-2000pt00-or-higher-at-the-end-of-december-2026-686, poly_will-trump-say-nigeria-during-the-state-of-the-union-address","poly_greece-x-turkey-military-engagement-by-june-30, poly_us-agrees-to-a-new-trade-deal-with-south-africa-before-2027, poly_us-strike-on-nigeria-by-january-31-2026, poly_will-annual-inflation-increase-by-less-than-24-in-december, poly_will-argentina-dollarize-by-june-30-2026, poly_will-donald-trump-visit-new-mexico-in-2026, poly_will-mexico-gdp-growth-in-q4-2025-be-between-1pt5-and-2pt0, poly_will-mexico-gdp-growth-in-q4-2025-be-over-2pt5, poly_will-the-bank-of-brazil-raise-the-selic-rate-after-january-2026-meeting, poly_will-the-bank-of-mexico-announce-an-increase-at-the-february-meeting, poly_will-the-central-bank-of-colombia-announce-a-decrease-at-the-january-meeting, poly_will-the-central-bank-of-colombia-announce-an-increase-at-the-january-meeting, poly_will-the-central-bank-of-colombia-announce-no-change-at-the-january-meeting",,"poly_us-agrees-to-a-new-trade-deal-with-vietnam-before-2027, poly_will-a-team-from-cblol-brazil-win-lol-worlds-2026, poly_will-donald-trump-visit-india-in-2026, poly_will-india-strike-pakistan-by-december-31-2026, poly_will-the-bank-of-mexico-announce-a-decrease-at-the-march-meeting"
2026-03-01,ADIT-P2,9,0.6804603174603175,7,16,2,0,"poly_will-mexicos-february-unemployment-rate-be-2pt5, poly_will-mexicos-february-unemployment-rate-be-2pt6, poly_will-mexicos-february-unemployment-rate-be-2pt7, poly_will-mexicos-february-unemployment-rate-be-greater-than-or-equal-to-3pt0, poly_will-mexicos-february-unemployment-rate-be-less-than-or-equal-to-2pt4, poly_will-the-reserve-bank-of-india-decrease-the-policy-repo-rate-after-the-april-meeting, poly_will-the-reserve-bank-of-india-make-no-change-to-the-policy-repo-rate-after-the-april-meeting","poly_any-brazil-stf-justice-removed-by-impeachment-before-2027, poly_gustavo-petro-out-as-leader-of-colombia-by-june-30, poly_us-agrees-to-a-new-trade-deal-with-vietnam-before-2027, poly_us-anti-cartel-ground-operation-in-mexico-by-march-31, poly_us-strike-on-nigeria-by-june-30-2026, poly_will-a-team-from-cblol-brazil-win-lol-worlds-2026, poly_will-argentinas-annual-inflation-in-2026-be-at-least-45, poly_will-brazils-annual-inflation-in-2026-be-less-than-3pt00, poly_will-colombia-win-the-2026-world-baseball-classic, poly_will-donald-trump-visit-india-in-2026, poly_will-india-strike-pakistan-by-december-31-2026, poly_will-mexico-gdp-growth-in-q1-2026-be-less-than-0pt0, poly_will-south-african-inflation-be-between-4pt7-and-5pt0-in-2026, poly_will-the-bank-of-mexico-announce-a-decrease-at-the-march-meeting, poly_will-the-official-usd-to-ars-exchange-rate-be-2000pt00-or-higher-at-the-end-of-december-2026-686, poly_will-trump-say-nigeria-during-the-state-of-the-union-address","poly_will-the-central-bank-of-colombia-announce-an-increase-at-the-april-meeting, poly_will-the-central-bank-of-colombia-announce-no-change-at-the-april-meeting",
2022-02-01,ADIT-P3,3,0.385,3,0,0,0,"poly_will-annual-inflation-in-the-european-union-be-5p3-or-more-in-january, poly_will-annual-inflation-in-the-european-union-be-5p5-or-more-in-january, poly_will-annual-inflation-in-the-european-union-be-5p7-or-more-in-january",,,
2022-04-01,ADIT-P3,2,0.77,2,3,0,0,"poly_will-ukraine-be-a-member-state-of-the-european-union-by-july-31-2022, poly_will-ukraine-become-a-european-union-candidate-country-by-july-31st","poly_will-annual-inflation-in-the-european-union-be-5p3-or-more-in-january, poly_will-annual-inflation-in-the-european-union-be-5p5-or-more-in-january, poly_will-annual-inflation-in-the-european-union-be-5p7-or-more-in-january",,
2022-05-01,ADIT-P3,3,0.25195,1,0,0,2,poly_will-russias-ambassador-to-any-eu-country-be-recalled-or-expelled-before-june-1,,,"poly_will-ukraine-be-a-member-state-of-the-european-union-by-july-31-2022, poly_will-ukraine-become-a-european-union-candidate-country-by-july-31st"
2022-06-01,ADIT-P3,2,0.25708549999999997,0,1,2,0,,poly_will-russias-ambassador-to-any-eu-country-be-recalled-or-expelled-before-june-1,"poly_will-ukraine-be-a-member-state-of-the-european-union-by-july-31-2022, poly_will-ukraine-become-a-european-union-candidate-country-by-july-31st",
2022-07-01,ADIT-P3,1,0.385,0,1,1,0,,poly_will-ukraine-become-a-european-union-candidate-country-by-july-31st,poly_will-ukraine-be-a-member-state-of-the-european-union-by-july-31-2022,
2024-11-01,ADIT-P3,1,0.77,1,1,0,0,poly_50-bps-decrease-in-ecb-interest-rates-after-2024-december-meeting,poly_will-ukraine-be-a-member-state-of-the-european-union-by-july-31-2022,,
2025-02-01,ADIT-P3,1,0.77,1,1,0,0,poly_will-trump-impose-tariffs-on-the-eu-in-the-first-100-days,poly_50-bps-decrease-in-ecb-interest-rates-after-2024-december-meeting,,
2025-03-01,ADIT-P3,5,0.616,4,0,0,1,"poly_will-the-eu-impose-tariffs-on-the-us-before-may, poly_will-trump-impose-a-blanket-tariff-of-20-30-on-the-eu-by-june-30, poly_will-trump-impose-a-blanket-tariff-of-30-40-on-the-eu-by-june-30, poly_will-trump-impose-no-general-tariff-on-the-eu-by-june-30",,,poly_will-trump-impose-tariffs-on-the-eu-in-the-first-100-days
2025-04-01,ADIT-P3,6,0.10790000000000004,1,0,0,5,poly_trump-tariff-on-eu-alcohol-before-may,,,"poly_will-the-eu-impose-tariffs-on-the-us-before-may, poly_will-trump-impose-a-blanket-tariff-of-20-30-on-the-eu-by-june-30, poly_will-trump-impose-a-blanket-tariff-of-30-40-on-the-eu-by-june-30, poly_will-trump-impose-no-general-tariff-on-the-eu-by-june-30, poly_will-trump-impose-tariffs-on-the-eu-in-the-first-100-days"
2025-11-01,ADIT-P3,1,0.8006499999999999,1,6,0,0,poly_more-eu-sanctions-on-russia-by-december-31,"poly_trump-tariff-on-eu-alcohol-before-may, poly_will-the-eu-impose-tariffs-on-the-us-before-may, poly_will-trump-impose-a-blanket-tariff-of-20-30-on-the-eu-by-june-30, poly_will-trump-impose-a-blanket-tariff-of-30-40-on-the-eu-by-june-30, poly_will-trump-impose-no-general-tariff-on-the-eu-by-june-30, poly_will-trump-impose-tariffs-on-the-eu-in-the-first-100-days",,
2025-12-01,ADIT-P3,1,0.77,1,1,0,0,poly_us-agrees-to-a-new-trade-deal-with-european-union-before-2027-711,poly_more-eu-sanctions-on-russia-by-december-31,,
2026-01-01,ADIT-P3,4,0.5775,3,0,0,1,"poly_ecb-rate-cut-in-2026, poly_ecb-rate-hike-in-2026, poly_eunato-country-announces-peacekeeping-force-in-ukraine-before-2027",,,poly_us-agrees-to-a-new-trade-deal-with-european-union-before-2027-711
2026-02-01,ADIT-P3,11,0.6624,9,2,0,2,"poly_will-eurozone-annual-gdp-growth-in-2026-be-at-least-7pt0, poly_will-eurozone-annual-gdp-growth-in-2026-be-between-1pt0-and-2pt0, poly_will-eurozone-annual-gdp-growth-in-2026-be-between-5pt0-and-6pt0, poly_will-eurozone-gdp-growth-in-q1-2026-be-at-least-2pt5, poly_will-eurozone-gdp-growth-in-q1-2026-be-between-2pt1-and-2pt4, poly_will-eurozone-gdp-growth-in-q1-2026-be-less-than-0pt5, poly_will-the-eurozones-2026-annual-inflation-be-at-least-3pt1, poly_will-the-eurozones-2026-annual-inflation-be-between-1pt9-and-2pt1, poly_will-the-eurozones-2026-annual-inflation-be-less-than-1pt0","poly_eunato-country-announces-peacekeeping-force-in-ukraine-before-2027, poly_us-agrees-to-a-new-trade-deal-with-european-union-before-2027-711",,"poly_ecb-rate-cut-in-2026, poly_ecb-rate-hike-in-2026"
2026-03-01,ADIT-P3,13,0.06111767979987491,2,0,5,6,"poly_will-the-ecb-announce-a-25-bps-decrease-at-the-april-2026-meeting, poly_will-the-ecb-announce-no-change-at-the-april-2026-meeting",,"poly_ecb-rate-cut-in-2026, poly_ecb-rate-hike-in-2026, poly_will-eurozone-annual-gdp-growth-in-2026-be-at-least-7pt0, poly_will-eurozone-annual-gdp-growth-in-2026-be-between-5pt0-and-6pt0, poly_will-the-eurozones-2026-annual-inflation-be-less-than-1pt0","poly_will-eurozone-annual-gdp-growth-in-2026-be-between-1pt0-and-2pt0, poly_will-eurozone-gdp-growth-in-q1-2026-be-at-least-2pt5, poly_will-eurozone-gdp-growth-in-q1-2026-be-between-2pt1-and-2pt4, poly_will-eurozone-gdp-growth-in-q1-2026-be-less-than-0pt5, poly_will-the-eurozones-2026-annual-inflation-be-at-least-3pt1, poly_will-the-eurozones-2026-annual-inflation-be-between-1pt9-and-2pt1"
2022-02-01,ADIT-P4,4,0.385,4,0,0,0,"poly_will-a-new-us-supreme-court-justice-be-confirmed-in-2022, poly_will-candace-jackson-akiwumi-be-the-next-nominee-for-supreme-court-justice, poly_will-j-michelle-childs-be-the-next-nominee-for-supreme-court-justice, poly_will-kamala-harris-be-the-next-nominee-for-supreme-court-justice",,,
2022-03-01,ADIT-P4,1,0.5775,0,3,1,0,,"poly_will-candace-jackson-akiwumi-be-the-next-nominee-for-supreme-court-justice, poly_will-j-michelle-childs-be-the-next-nominee-for-supreme-court-justice, poly_will-kamala-harris-be-the-next-nominee-for-supreme-court-justice",poly_will-a-new-us-supreme-court-justice-be-confirmed-in-2022,
2022-04-01,ADIT-P4,3,0.5133333333333333,2,0,0,1,"poly_will-ketanji-jackson-brown-receive-53-or-more-votes-in-favor-of-her-confirmation-to-the-uptspt-supreme-court, poly_will-two-or-more-supreme-court-justices-be-nominated-in-2022",,,poly_will-a-new-us-supreme-court-justice-be-confirmed-in-2022
2022-05-01,ADIT-P4,1,0.5133333333333334,0,2,1,0,,"poly_will-a-new-us-supreme-court-justice-be-confirmed-in-2022, poly_will-ketanji-jackson-brown-receive-53-or-more-votes-in-favor-of-her-confirmation-to-the-uptspt-supreme-court",poly_will-two-or-more-supreme-court-justices-be-nominated-in-2022,
2022-06-01,ADIT-P4,1,0.03284999999999999,0,0,1,0,,,poly_will-two-or-more-supreme-court-justices-be-nominated-in-2022,
2022-07-01,ADIT-P4,1,0.0036134999999999917,0,0,1,0,,,poly_will-two-or-more-supreme-court-justices-be-nominated-in-2022,
2022-08-01,ADIT-P4,1,0.00039748500000003073,0,0,1,0,,,poly_will-two-or-more-supreme-court-justices-be-nominated-in-2022,
2022-09-01,ADIT-P4,1,4.3723349999968963e-05,0,0,1,0,,,poly_will-two-or-more-supreme-court-justices-be-nominated-in-2022,
2022-10-01,ADIT-P4,1,4.8095685000193455e-06,0,0,1,0,,,poly_will-two-or-more-supreme-court-justices-be-nominated-in-2022,
2022-11-01,ADIT-P4,1,5.290525349477271e-07,0,0,1,0,,,poly_will-two-or-more-supreme-court-justices-be-nominated-in-2022,
2022-12-01,ADIT-P4,1,5.819577886256866e-08,0,0,1,0,,,poly_will-two-or-more-supreme-court-justices-be-nominated-in-2022,
2023-02-01,ADIT-P4,1,0.8069101051668138,1,1,0,0,poly_will-george-santos-remain-in-congress-through-march-31,poly_will-two-or-more-supreme-court-justices-be-nominated-in-2022,,
2023-03-01,ADIT-P4,1,0.03284999999999999,0,0,1,0,,,poly_will-george-santos-remain-in-congress-through-march-31,
2023-10-01,ADIT-P4,1,0.8028500000000001,1,1,0,0,poly_will-doj-charge-binance-by-eoy,poly_will-george-santos-remain-in-congress-through-march-31,,
2023-11-01,ADIT-P4,1,0.03284999999999999,0,0,1,0,,,poly_will-doj-charge-binance-by-eoy,
2024-01-01,ADIT-P4,1,0.8028500000000001,1,1,0,0,poly_will-george-santos-announce-hes-running-for-congress-before-may,poly_will-doj-charge-binance-by-eoy,,
2024-02-01,ADIT-P4,1,0.03284999999999999,0,0,1,0,,,poly_will-george-santos-announce-hes-running-for-congress-before-may,
2024-03-01,ADIT-P4,2,0.41785,1,0,0,1,poly_will-matt-gaetz-be-expelled-from-congress-before-may,,,poly_will-george-santos-announce-hes-running-for-congress-before-may
2024-04-01,ADIT-P4,1,0.385,0,1,1,0,,poly_will-george-santos-announce-hes-running-for-congress-before-may,poly_will-matt-gaetz-be-expelled-from-congress-before-may,
2024-05-01,ADIT-P4,2,0.77,2,1,0,0,"poly_supreme-court-sends-trump-immunity-case-to-lower-court, poly_supreme-court-upholds-absolute-immunity-for-trump",poly_will-matt-gaetz-be-expelled-from-congress-before-may,,
2024-06-01,ADIT-P4,1,0.385,0,1,1,0,,poly_supreme-court-sends-trump-immunity-case-to-lower-court,poly_supreme-court-upholds-absolute-immunity-for-trump,
2024-07-01,ADIT-P4,1,0.03284999999999999,0,0,1,0,,,poly_supreme-court-upholds-absolute-immunity-for-trump,
2024-10-01,ADIT-P4,1,0.8028500000000001,1,1,0,0,poly_matt-gaetz-out-as-congressman-in-2024,poly_supreme-court-upholds-absolute-immunity-for-trump,,
2024-11-01,ADIT-P4,1,0.03284999999999999,0,0,1,0,,,poly_matt-gaetz-out-as-congressman-in-2024,
2025-10-01,ADIT-P4,1,0.8028500000000001,1,1,0,0,poly_will-the-supreme-court-rule-in-favor-of-trumps-tariffs,poly_matt-gaetz-out-as-congressman-in-2024,,
2025-11-01,ADIT-P4,2,0.385,1,0,0,1,poly_will-the-government-shutdown-end-by-january-31-161,,,poly_will-the-supreme-court-rule-in-favor-of-trumps-tariffs
2025-12-01,ADIT-P4,2,0.385,1,1,0,0,poly_us-congress-stock-trading-ban-before-2027,poly_will-the-government-shutdown-end-by-january-31-161,,
2026-01-01,ADIT-P4,3,0.25195,1,0,0,2,poly_supreme-court-vacancy-in-2026,,,"poly_us-congress-stock-trading-ban-before-2027, poly_will-the-supreme-court-rule-in-favor-of-trumps-tariffs"
2026-02-01,ADIT-P4,6,0.39915,3,0,0,3,"poly_will-the-government-shutdown-last-2-days-or-more, poly_will-the-government-shutdown-last-30-days-or-more-558-354-297-785-675, poly_will-the-government-shutdown-last-5-days-or-more",,,"poly_supreme-court-vacancy-in-2026, poly_us-congress-stock-trading-ban-before-2027, poly_will-the-supreme-court-rule-in-favor-of-trumps-tariffs"
2026-03-01,ADIT-P4,6,0.5133333333333333,4,4,0,0,"poly_new-virginia-congressional-map-used-in-the-midterms, poly_will-the-dhs-shutdown-end-after-march-31-2026, poly_will-the-dhs-shutdown-end-between-march-20-23-2026, poly_will-the-dhs-shutdown-end-between-march-4-7-2026","poly_will-the-government-shutdown-last-2-days-or-more, poly_will-the-government-shutdown-last-30-days-or-more-558-354-297-785-675, poly_will-the-government-shutdown-last-5-days-or-more, poly_will-the-supreme-court-rule-in-favor-of-trumps-tariffs",,
2022-03-01,ADIT-S2,2,0.385,2,0,0,0,"poly_will-any-russian-institution-be-disconnected-from-swift-by-april-1, poly_will-the-russian-ruble-rub-fall-below-0p005-by-march-25",,,
2022-04-01,ADIT-S2,12,0.7750000000000001,12,2,0,0,"poly_will-any-nato-member-country-invoke-article-5-by-june-30-2022, poly_will-nato-declare-a-no-fly-zone-over-any-ukrainian-territory-by-april-30-2022, poly_will-nato-expand-in-2022, poly_will-russia-expand-its-number-of-federal-subjects-by-july-1-2022, poly_will-russia-have-its-unsc-permanent-member-status-stripped-by-april-30-2022, poly_will-russia-remain-in-g20-through-november-1-2022, poly_will-russian-chess-player-sergey-karjakin-be-removed-or-withdraw-from-the-fide-2022-candidates-tournament, poly_will-the-russian-ruble-rub-fall-below-0pt005-by-may-1, poly_will-ukraine-be-a-member-state-of-the-european-union-by-july-31-2022, poly_will-ukraine-become-a-european-union-candidate-country-by-july-31st, poly_will-ukraine-formally-cede-crimea-luhansk-or-donetsk-by-may-31-2022, poly_will-volodymyr-zelenskyy-and-vladimir-putin-meet-in-person-before-june-2022","poly_will-any-russian-institution-be-disconnected-from-swift-by-april-1, poly_will-the-russian-ruble-rub-fall-below-0p005-by-march-25",,
2022-05-01,ADIT-S2,11,0.2785817817158862,3,4,7,1,"poly_will-russias-ambassador-to-any-eu-country-be-recalled-or-expelled-before-june-1, poly_will-the-usa-ambassador-be-recalled-or-expelled-from-russia-before-june-1-2022, poly_will-vladimir-putin-become-a-defendant-of-the-icc-before-2023","poly_will-nato-declare-a-no-fly-zone-over-any-ukrainian-territory-by-april-30-2022, poly_will-russia-have-its-unsc-permanent-member-status-stripped-by-april-30-2022, poly_will-russian-chess-player-sergey-karjakin-be-removed-or-withdraw-from-the-fide-2022-candidates-tournament, poly_will-the-russian-ruble-rub-fall-below-0pt005-by-may-1","poly_will-any-nato-member-country-invoke-article-5-by-june-30-2022, poly_will-nato-expand-in-2022, poly_will-russia-expand-its-number-of-federal-subjects-by-july-1-2022, poly_will-russia-remain-in-g20-through-november-1-2022, poly_will-ukraine-be-a-member-state-of-the-european-union-by-july-31-2022, poly_will-ukraine-become-a-european-union-candidate-country-by-july-31st, poly_will-ukraine-formally-cede-crimea-luhansk-or-donetsk-by-may-31-2022",poly_will-volodymyr-zelenskyy-and-vladimir-putin-meet-in-person-before-june-2022
2022-06-01,ADIT-S2,7,0.2437013798106989,0,4,5,2,,"poly_will-russias-ambassador-to-any-eu-country-be-recalled-or-expelled-before-june-1, poly_will-the-usa-ambassador-be-recalled-or-expelled-from-russia-before-june-1-2022, poly_will-ukraine-formally-cede-crimea-luhansk-or-donetsk-by-may-31-2022, poly_will-volodymyr-zelenskyy-and-vladimir-putin-meet-in-person-before-june-2022","poly_will-russia-expand-its-number-of-federal-subjects-by-july-1-2022, poly_will-russia-remain-in-g20-through-november-1-2022, poly_will-ukraine-be-a-member-state-of-the-european-union-by-july-31-2022, poly_will-ukraine-become-a-european-union-candidate-country-by-july-31st, poly_will-vladimir-putin-become-a-defendant-of-the-icc-before-2023","poly_will-any-nato-member-country-invoke-article-5-by-june-30-2022, poly_will-nato-expand-in-2022"
2022-07-01,ADIT-S2,6,0.28415631518123374,2,3,4,0,"poly_will-russia-expand-its-number-of-federal-subjects-by-october-1-2022, poly_will-sergei-shoigu-remain-minister-of-defense-of-russia-through-july-2022","poly_will-any-nato-member-country-invoke-article-5-by-june-30-2022, poly_will-russia-expand-its-number-of-federal-subjects-by-july-1-2022, poly_will-ukraine-become-a-european-union-candidate-country-by-july-31st","poly_will-nato-expand-in-2022, poly_will-russia-remain-in-g20-through-november-1-2022, poly_will-ukraine-be-a-member-state-of-the-european-union-by-july-31-2022, poly_will-vladimir-putin-become-a-defendant-of-the-icc-before-2023",
2022-08-01,ADIT-S2,4,0.24402989626560398,0,2,3,1,,"poly_will-sergei-shoigu-remain-minister-of-defense-of-russia-through-july-2022, poly_will-ukraine-be-a-member-state-of-the-european-union-by-july-31-2022","poly_will-nato-expand-in-2022, poly_will-russia-expand-its-number-of-federal-subjects-by-october-1-2022, poly_will-russia-remain-in-g20-through-november-1-2022",poly_will-vladimir-putin-become-a-defendant-of-the-icc-before-2023
2022-09-01,ADIT-S2,4,0.023720931748098195,0,0,4,0,,,"poly_will-nato-expand-in-2022, poly_will-russia-expand-its-number-of-federal-subjects-by-october-1-2022, poly_will-russia-remain-in-g20-through-november-1-2022, poly_will-vladimir-putin-become-a-defendant-of-the-icc-before-2023",
2022-10-01,ADIT-S2,4,0.277301757417786,1,1,1,2,poly_will-putin-and-zelensky-meet-in-person-before-2023,poly_will-russia-expand-its-number-of-federal-subjects-by-october-1-2022,poly_will-russia-remain-in-g20-through-november-1-2022,"poly_will-nato-expand-in-2022, poly_will-vladimir-putin-become-a-defendant-of-the-icc-before-2023"
2022-11-01,ADIT-S2,5,0.3404074102295977,2,1,1,2,"poly_will-russia-use-a-nuclear-weapon-before-2023, poly_will-there-be-a-negotiated-settlement-between-russia-and-ukraine-by-dec-31",poly_will-russia-remain-in-g20-through-november-1-2022,poly_will-nato-expand-in-2022,"poly_will-putin-and-zelensky-meet-in-person-before-2023, poly_will-vladimir-putin-become-a-defendant-of-the-icc-before-2023"
2022-12-01,ADIT-S2,7,0.23241788718749998,2,0,4,1,"poly_will-any-nato-member-country-invoke-article-4-by-eoy, poly_will-any-nato-member-country-invoke-article-5-by-eoy",,"poly_will-putin-and-zelensky-meet-in-person-before-2023, poly_will-russia-use-a-nuclear-weapon-before-2023, poly_will-there-be-a-negotiated-settlement-between-russia-and-ukraine-by-dec-31, poly_will-vladimir-putin-become-a-defendant-of-the-icc-before-2023",poly_will-nato-expand-in-2022
2023-02-01,ADIT-S2,1,0.7801666250000001,1,7,0,0,poly_will-nato-expand-by-june-30,"poly_will-any-nato-member-country-invoke-article-4-by-eoy, poly_will-any-nato-member-country-invoke-article-5-by-eoy, poly_will-nato-expand-in-2022, poly_will-putin-and-zelensky-meet-in-person-before-2023, poly_will-russia-use-a-nuclear-weapon-before-2023, poly_will-there-be-a-negotiated-settlement-between-russia-and-ukraine-by-dec-31, poly_will-vladimir-putin-become-a-defendant-of-the-icc-before-2023",,
2023-03-01,ADIT-S2,1,0.03284999999999999,0,0,1,0,,,poly_will-nato-expand-by-june-30,
2023-04-01,ADIT-S2,1,0.0036134999999999917,0,0,1,0,,,poly_will-nato-expand-by-june-30,
2023-05-01,ADIT-S2,1,0.8064635,1,1,0,0,poly_will-sweden-join-nato-by-may-31,poly_will-nato-expand-by-june-30,,
2025-01-01,ADIT-S2,1,0.77,1,1,0,0,poly_will-russia-recognize-syrian-government-by-march-31,poly_will-sweden-join-nato-by-may-31,,
2025-02-01,ADIT-S2,8,0.6754,7,0,0,1,"poly_assad-leaves-russia-before-2026, poly_will-donald-trump-visit-russia-in-2025, poly_will-donald-trump-visit-ukraine-in-2025, poly_will-putin-go-on-lex-fridman-before-march, poly_will-russia-capture-pokrovsk-by-december-31-531, poly_will-russia-recapture-sudzha-by-february-28, poly_will-trump-sanction-russia",,,poly_will-russia-recognize-syrian-government-by-march-31
2025-03-01,ADIT-S2,16,0.7006748700173309,14,6,0,2,"poly_trump-agrees-to-send-us-peacekeeping-force-to-ukraine, poly_trump-announces-cutting-all-aid-to-ukraine-aid-before-april, poly_trump-severs-ties-with-ukraine-before-may, poly_ukraine-agrees-not-to-join-nato-before-july, poly_ukraine-recognizes-russian-sovereignty-over-ukrainian-territory-in-2025, poly_will-any-country-leave-nato-in-2025, poly_will-russia-capture-kupiansk-by-april-30, poly_will-russia-capture-yunakivka-before-april, poly_will-the-us-sanction-ukraine-before-april, poly_will-trump-visit-russia-by-may-9, poly_will-trump-visit-russia-in-first-100-days, poly_will-trump-withdraw-the-us-from-nato-in-2025, poly_will-ukraine-agree-to-give-up-the-rest-of-donbas, poly_will-ukraine-agree-to-payback-us-aid-before-july","poly_will-donald-trump-visit-russia-in-2025, poly_will-donald-trump-visit-ukraine-in-2025, poly_will-putin-go-on-lex-fridman-before-march, poly_will-russia-recapture-sudzha-by-february-28, poly_will-russia-recognize-syrian-government-by-march-31, poly_will-trump-sanction-russia",,"poly_assad-leaves-russia-before-2026, poly_will-russia-capture-pokrovsk-by-december-31-531"
2025-04-01,ADIT-S2,16,0.1971018370883882,4,4,12,0,"poly_us-announces-resumption-of-direct-flights-to-russia-before-may, poly_will-jerome-powell-say-ukraine-during-the-may-meeting, poly_will-russia-capture-yunakivka-before-may, poly_will-trump-increase-sanctions-on-russia-before-june","poly_trump-announces-cutting-all-aid-to-ukraine-aid-before-april, poly_will-russia-capture-yunakivka-before-april, poly_will-the-us-sanction-ukraine-before-april, poly_will-ukraine-agree-to-payback-us-aid-before-july","poly_assad-leaves-russia-before-2026, poly_trump-agrees-to-send-us-peacekeeping-force-to-ukraine, poly_trump-severs-ties-with-ukraine-before-may, poly_ukraine-agrees-not-to-join-nato-before-july, poly_ukraine-recognizes-russian-sovereignty-over-ukrainian-territory-in-2025, poly_will-any-country-leave-nato-in-2025, poly_will-russia-capture-kupiansk-by-april-30, poly_will-russia-capture-pokrovsk-by-december-31-531, poly_will-trump-visit-russia-by-may-9, poly_will-trump-visit-russia-in-first-100-days, poly_will-trump-withdraw-the-us-from-nato-in-2025, poly_will-ukraine-agree-to-give-up-the-rest-of-donbas",
2025-05-01,ADIT-S2,16,0.4126880123770143,8,8,2,6,"poly_russia-x-ukraine-ceasefire-before-june, poly_will-donald-trump-visit-russia-in-2025, poly_will-putin-meet-with-trump-before-july, poly_will-russia-capture-kupiansk-by-december-31-391-746-177, poly_will-russia-capture-yunakivka-before-june, poly_will-russia-rejoin-the-g7-in-2025, poly_will-the-us-recognize-russian-sovereignty-over-crimea-in-2025, poly_will-ukraine-agree-to-cede-territory-to-russia","poly_trump-severs-ties-with-ukraine-before-may, poly_us-announces-resumption-of-direct-flights-to-russia-before-may, poly_will-jerome-powell-say-ukraine-during-the-may-meeting, poly_will-russia-capture-kupiansk-by-april-30, poly_will-russia-capture-yunakivka-before-may, poly_will-trump-increase-sanctions-on-russia-before-june, poly_will-trump-visit-russia-by-may-9, poly_will-trump-visit-russia-in-first-100-days","poly_will-any-country-leave-nato-in-2025, poly_will-trump-withdraw-the-us-from-nato-in-2025","poly_assad-leaves-russia-before-2026, poly_trump-agrees-to-send-us-peacekeeping-force-to-ukraine, poly_ukraine-agrees-not-to-join-nato-before-july, poly_ukraine-recognizes-russian-sovereignty-over-ukrainian-territory-in-2025, poly_will-russia-capture-pokrovsk-by-december-31-531, poly_will-ukraine-agree-to-give-up-the-rest-of-donbas"
2025-06-01,ADIT-S2,2,0.7520756745682642,1,15,1,0,poly_will-russia-capture-pokrovsk-by-august-31,"poly_assad-leaves-russia-before-2026, poly_russia-x-ukraine-ceasefire-before-june, poly_trump-agrees-to-send-us-peacekeeping-force-to-ukraine, poly_ukraine-agrees-not-to-join-nato-before-july, poly_ukraine-recognizes-russian-sovereignty-over-ukrainian-territory-in-2025, poly_will-any-country-leave-nato-in-2025, poly_will-donald-trump-visit-russia-in-2025, poly_will-putin-meet-with-trump-before-july, poly_will-russia-capture-pokrovsk-by-december-31-531, poly_will-russia-capture-yunakivka-before-june, poly_will-russia-rejoin-the-g7-in-2025, poly_will-the-us-recognize-russian-sovereignty-over-crimea-in-2025, poly_will-trump-withdraw-the-us-from-nato-in-2025, poly_will-ukraine-agree-to-cede-territory-to-russia, poly_will-ukraine-agree-to-give-up-the-rest-of-donbas",poly_will-russia-capture-kupiansk-by-december-31-391-746-177,
2025-07-01,ADIT-S2,2,0.03284999999999999,0,0,2,0,,,"poly_will-russia-capture-kupiansk-by-december-31-391-746-177, poly_will-russia-capture-pokrovsk-by-august-31",
2025-08-01,ADIT-S2,4,0.6616833333333334,3,1,0,1,"poly_russia-x-ukraine-ceasefire-before-2027, poly_will-russia-capture-kupiansk-by-october-31-984, poly_will-russia-capture-udachne-by-august-31",poly_will-russia-capture-kupiansk-by-december-31-391-746-177,,poly_will-russia-capture-pokrovsk-by-august-31
2025-09-01,ADIT-S2,5,0.317625,3,2,0,1,"poly_will-russia-capture-dobropillia-by-september-30, poly_will-russia-capture-novopavlivka-by-september-30, poly_will-russia-capture-pokrovsk-train-station-by-october-31","poly_will-russia-capture-pokrovsk-by-august-31, poly_will-russia-capture-udachne-by-august-31",,poly_will-russia-capture-kupiansk-by-october-31-984
2025-10-01,ADIT-S2,6,0.4196500000000001,3,2,2,1,"poly_will-russia-capture-velykomykhailivka-by-october-31, poly_will-russia-capture-yampil-by-october-31, poly_will-ukraine-recapture-crimean-territory-by-june-30-2026-992","poly_will-russia-capture-dobropillia-by-september-30, poly_will-russia-capture-novopavlivka-by-september-30","poly_will-russia-capture-kupiansk-by-october-31-984, poly_will-russia-capture-pokrovsk-train-station-by-october-31",poly_russia-x-ukraine-ceasefire-before-2027
2025-11-01,ADIT-S2,10,0.6314000000000001,9,5,0,0,"poly_us-x-russia-military-clash-by-june-30-2026-249, poly_will-russia-capture-drobysheve-by-november-30, poly_will-russia-capture-ivanopillya-by-november-30, poly_will-russia-capture-myrnohard-by-november-30-147-724-647-448-955, poly_will-russia-capture-novopavlivka-by-november-30, poly_will-russia-capture-rodynske-by-november-30, poly_will-russia-capture-siversk-by-november-30, poly_will-russia-capture-velykomykhailivka-by-november-30, poly_will-russia-recapture-territory-in-vilne-by-november-30","poly_will-russia-capture-kupiansk-by-october-31-984, poly_will-russia-capture-pokrovsk-train-station-by-october-31, poly_will-russia-capture-velykomykhailivka-by-october-31, poly_will-russia-capture-yampil-by-october-31, poly_will-ukraine-recapture-crimean-territory-by-june-30-2026-992",,
2025-12-01,ADIT-S2,5,0.6313999999999999,4,9,1,0,"poly_ukraine-strike-in-russia-on-30-november-2025, poly_will-russia-capture-kostyantynivka-by-december-31-2026-936-942-271-276-578, poly_will-russia-capture-kostyantynivka-by-march-31-872-578, poly_will-russia-capture-slovainsk-by-2027","poly_us-x-russia-military-clash-by-june-30-2026-249, poly_will-russia-capture-drobysheve-by-november-30, poly_will-russia-capture-ivanopillya-by-november-30, poly_will-russia-capture-myrnohard-by-november-30-147-724-647-448-955, poly_will-russia-capture-novopavlivka-by-november-30, poly_will-russia-capture-rodynske-by-november-30, poly_will-russia-capture-siversk-by-november-30, poly_will-russia-capture-velykomykhailivka-by-november-30, poly_will-russia-recapture-territory-in-vilne-by-november-30",poly_russia-x-ukraine-ceasefire-before-2027,
2026-01-01,ADIT-S2,8,0.3862682352941175,4,1,0,4,"poly_european-country-agrees-to-give-ukraine-security-guarantee-by-june-30, poly_us-agrees-to-give-ukraine-security-guarantee-by-june-30, poly_will-russia-capture-all-of-stepnohirsk-by-march-31-2026-627, poly_will-russia-capture-sumy-by-march-31-2027",poly_ukraine-strike-in-russia-on-30-november-2025,,"poly_russia-x-ukraine-ceasefire-before-2027, poly_will-russia-capture-kostyantynivka-by-december-31-2026-936-942-271-276-578, poly_will-russia-capture-kostyantynivka-by-march-31-872-578, poly_will-russia-capture-slovainsk-by-2027"
2026-02-01,ADIT-S2,11,0.3330794507868538,4,1,0,7,"poly_russia-x-ukraine-ceasefire-by-june-30-2026, poly_will-nato-countries-clash-with-each-other-before-2027, poly_will-russia-capture-bilytske-by-march-31-2026, poly_will-russia-capture-kupiansk-vuzlovyi-by-march-31",poly_will-russia-capture-all-of-stepnohirsk-by-march-31-2026-627,,"poly_european-country-agrees-to-give-ukraine-security-guarantee-by-june-30, poly_russia-x-ukraine-ceasefire-before-2027, poly_us-agrees-to-give-ukraine-security-guarantee-by-june-30, poly_will-russia-capture-kostyantynivka-by-december-31-2026-936-942-271-276-578, poly_will-russia-capture-kostyantynivka-by-march-31-872-578, poly_will-russia-capture-slovainsk-by-2027, poly_will-russia-capture-sumy-by-march-31-2027"
2026-03-01,ADIT-S2,13,0.1575532246774,3,1,3,7,"poly_ukraine-officially-agrees-to-a-us-backed-ceasefire-framework-by-june-30, poly_will-russia-capture-all-of-hryshyne-by, poly_will-russia-capture-all-of-kupiansk-by-june-30",poly_will-russia-capture-kupiansk-vuzlovyi-by-march-31,"poly_european-country-agrees-to-give-ukraine-security-guarantee-by-june-30, poly_us-agrees-to-give-ukraine-security-guarantee-by-june-30, poly_will-nato-countries-clash-with-each-other-before-2027","poly_russia-x-ukraine-ceasefire-before-2027, poly_russia-x-ukraine-ceasefire-by-june-30-2026, poly_will-russia-capture-bilytske-by-march-31-2026, poly_will-russia-capture-kostyantynivka-by-december-31-2026-936-942-271-276-578, poly_will-russia-capture-kostyantynivka-by-march-31-872-578, poly_will-russia-capture-slovainsk-by-2027, poly_will-russia-capture-sumy-by-march-31-2027"
2022-10-01,ADIT-S3,1,0.385,1,0,0,0,poly_will-ali-khamenei-remain-supreme-leader-of-iran-through-2022,,,
2022-11-01,ADIT-S3,2,0.3498045454545454,1,0,0,1,poly_will-netanyahu-be-the-next-prime-minister-of-israel,,,poly_will-ali-khamenei-remain-supreme-leader-of-iran-through-2022
2022-12-01,ADIT-S3,2,0.030936499999999978,0,0,2,0,,,"poly_will-ali-khamenei-remain-supreme-leader-of-iran-through-2022, poly_will-netanyahu-be-the-next-prime-minister-of-israel",
2024-01-01,ADIT-S3,4,0.8030864999999999,4,2,0,0,"poly_hamas-lose-power-in-gaza-before-february, poly_haniyeh-still-in-hamas-leadership-through-march-1, poly_mohamed-deif-still-in-hamas-leadership-through-march-1, poly_starlink-available-in-gaza-by-jan-31","poly_will-ali-khamenei-remain-supreme-leader-of-iran-through-2022, poly_will-netanyahu-be-the-next-prime-minister-of-israel",,
2024-02-01,ADIT-S3,3,0.385,1,2,2,0,poly_us-call-for-gaza-ceasefire-before-march,"poly_hamas-lose-power-in-gaza-before-february, poly_starlink-available-in-gaza-by-jan-31","poly_haniyeh-still-in-hamas-leadership-through-march-1, poly_mohamed-deif-still-in-hamas-leadership-through-march-1",
2024-04-01,ADIT-S3,1,0.7699999999999999,1,3,0,0,poly_more-hostages-in-gaza-freed-before-may,"poly_haniyeh-still-in-hamas-leadership-through-march-1, poly_mohamed-deif-still-in-hamas-leadership-through-march-1, poly_us-call-for-gaza-ceasefire-before-march",,
2024-06-01,ADIT-S3,1,0.77,1,1,0,0,poly_icc-issues-an-arrest-warrant-for-hamas-leader-yahya-sinwar,poly_more-hostages-in-gaza-freed-before-may,,
2024-07-01,ADIT-S3,2,0.385,1,0,0,1,poly_next-israel-x-hamas-ceasefire-in-august,,,poly_icc-issues-an-arrest-warrant-for-hamas-leader-yahya-sinwar
2024-08-01,ADIT-S3,2,0.385,1,1,0,0,poly_next-israel-x-hamas-ceasefire-in-september,poly_next-israel-x-hamas-ceasefire-in-august,,
2024-09-01,ADIT-S3,3,0.25195,1,0,0,2,poly_israel-x-hamas-ceasefire-before-october,,,"poly_icc-issues-an-arrest-warrant-for-hamas-leader-yahya-sinwar, poly_next-israel-x-hamas-ceasefire-in-september"
2024-10-01,ADIT-S3,3,0.6000195652173913,2,2,0,1,"poly_iran-strike-on-israel-before-november, poly_will-sinwar-leave-gaza-by-october-31","poly_israel-x-hamas-ceasefire-before-october, poly_next-israel-x-hamas-ceasefire-in-september",,poly_icc-issues-an-arrest-warrant-for-hamas-leader-yahya-sinwar
2024-11-01,ADIT-S3,1,0.77,1,3,0,0,poly_us-military-action-against-yemen-in-2024,"poly_icc-issues-an-arrest-warrant-for-hamas-leader-yahya-sinwar, poly_iran-strike-on-israel-before-november, poly_will-sinwar-leave-gaza-by-october-31",,
2024-12-01,ADIT-S3,1,0.77,1,1,0,0,poly_will-trump-say-iran-in-his-next-speech,poly_us-military-action-against-yemen-in-2024,,
2025-01-01,ADIT-S3,1,0.77,1,1,0,0,poly_israel-x-hamas-ceasefire-by-january-31,poly_will-trump-say-iran-in-his-next-speech,,
2025-03-01,ADIT-S3,4,0.77,4,1,0,0,"poly_israel-x-hamas-ceasefire-cancelled-before-april, poly_us-forces-in-gaza-before-april, poly_will-israel-annex-west-bank-territory-in-2025, poly_will-the-us-take-over-gaza-in-2025",poly_israel-x-hamas-ceasefire-by-january-31,,
2025-04-01,ADIT-S3,6,0.5535675675675675,4,2,0,2,"poly_houthis-agree-to-stop-attacks-shipping-before-may, poly_israel-military-action-against-iran-before-july, poly_israel-x-hamas-ceasefire-before-may-2025, poly_us-military-action-against-iran-before-july","poly_israel-x-hamas-ceasefire-cancelled-before-april, poly_us-forces-in-gaza-before-april",,"poly_will-israel-annex-west-bank-territory-in-2025, poly_will-the-us-take-over-gaza-in-2025"
2025-05-01,ADIT-S3,6,0.2376991351351352,2,2,4,0,"poly_houthis-agree-to-end-attacks-on-shipping-before-july, poly_israel-x-hamas-ceasefire-before-june-2025","poly_houthis-agree-to-stop-attacks-shipping-before-may, poly_israel-x-hamas-ceasefire-before-may-2025","poly_israel-military-action-against-iran-before-july, poly_us-military-action-against-iran-before-july, poly_will-israel-annex-west-bank-territory-in-2025, poly_will-the-us-take-over-gaza-in-2025",
2025-06-01,ADIT-S3,8,0.41467270782660465,4,2,1,3,"poly_another-israel-military-action-on-yemen-before-july, poly_israel-parliament-dissolved-in-2025, poly_us-military-action-on-yemen-before-july, poly_will-israel-strike-an-iranian-nuclear-facility-before-july","poly_houthis-agree-to-end-attacks-on-shipping-before-july, poly_israel-x-hamas-ceasefire-before-june-2025",poly_will-the-us-take-over-gaza-in-2025,"poly_israel-military-action-against-iran-before-july, poly_us-military-action-against-iran-before-july, poly_will-israel-annex-west-bank-territory-in-2025"
2025-07-01,ADIT-S3,8,0.77,8,8,0,0,"poly_another-us-military-action-against-iran-before-august, poly_congress-authorizes-military-force-against-iran-before-august, poly_israel-strikes-iran-before-august, poly_israel-x-hamas-ceasefire-before-august, poly_israel-x-iran-ceasefire-broken-by-july-31, poly_strike-on-israels-dimonah-nuclear-base-before-august, poly_will-israel-or-iran-break-the-ceasefire-first, poly_will-the-us-officially-declare-war-on-iran-before-august","poly_another-israel-military-action-on-yemen-before-july, poly_israel-military-action-against-iran-before-july, poly_israel-parliament-dissolved-in-2025, poly_us-military-action-against-iran-before-july, poly_us-military-action-on-yemen-before-july, poly_will-israel-annex-west-bank-territory-in-2025, poly_will-israel-strike-an-iranian-nuclear-facility-before-july, poly_will-the-us-take-over-gaza-in-2025",,
2025-08-01,ADIT-S3,7,0.6817708333333334,6,7,1,0,"poly_israel-strike-on-damascus-by-august-31, poly_israel-strikes-iran-before-september-141, poly_israel-strikes-yemen-by-august-31, poly_israel-x-hamas-ceasefire-by-august-31, poly_syria-strikes-israel-by-august-31, poly_us-strikes-yemen-before-by-august-31","poly_another-us-military-action-against-iran-before-august, poly_congress-authorizes-military-force-against-iran-before-august, poly_israel-strikes-iran-before-august, poly_israel-x-hamas-ceasefire-before-august, poly_israel-x-iran-ceasefire-broken-by-july-31, poly_strike-on-israels-dimonah-nuclear-base-before-august, poly_will-the-us-officially-declare-war-on-iran-before-august",poly_will-israel-or-iran-break-the-ceasefire-first,
2025-09-01,ADIT-S3,4,0.77,4,7,0,0,"poly_israel-strike-on-yemen-by-september-30, poly_israel-strikes-iran-by-october-31, poly_israel-x-hamas-ceasefire-by-october-31, poly_will-israel-strike-greater-beirut-by-december-31","poly_israel-strike-on-damascus-by-august-31, poly_israel-strikes-iran-before-september-141, poly_israel-strikes-yemen-by-august-31, poly_israel-x-hamas-ceasefire-by-august-31, poly_syria-strikes-israel-by-august-31, poly_us-strikes-yemen-before-by-august-31, poly_will-israel-or-iran-break-the-ceasefire-first",,
2025-10-01,ADIT-S3,6,0.34624,3,1,0,3,"poly_will-israel-strike-0-countries-in-october-2025, poly_will-israel-strike-1-country-in-october-2025, poly_will-israel-strike-2-countries-in-october-2025",poly_israel-strike-on-yemen-by-september-30,,"poly_israel-strikes-iran-by-october-31, poly_israel-x-hamas-ceasefire-by-october-31, poly_will-israel-strike-greater-beirut-by-december-31"
2025-11-01,ADIT-S3,8,0.6339999999999999,7,5,0,1,"poly_foreign-intervention-in-gaza-in-2025, poly_israel-strikes-iran-by-november-30, poly_will-israel-strike-0-countries-in-november-2025, poly_will-israel-strike-1-country-in-november-2025, poly_will-israel-strike-4-or-more-countries-in-november-2025, poly_will-the-gazaisrael-conflict-be-the-1-searched-news-on-google-this-year, poly_will-the-israeliran-conflict-be-the-1-searched-news-on-google-this-year","poly_israel-strikes-iran-by-october-31, poly_israel-x-hamas-ceasefire-by-october-31, poly_will-israel-strike-0-countries-in-october-2025, poly_will-israel-strike-1-country-in-october-2025, poly_will-israel-strike-2-countries-in-october-2025",,poly_will-israel-strike-greater-beirut-by-december-31
2025-12-01,ADIT-S3,18,0.6719608192516814,15,5,0,3,"poly_hezbollah-strike-on-israel-by-march-31-737-523, poly_houthi-strike-on-israel-by-december-31, poly_israel-and-indonesia-normalize-relations-by-december-31-2026-618-741, poly_israel-and-lebanon-normalize-relations-before-2027, poly_israel-and-saudi-arabia-normalize-relations-before-2027, poly_israel-and-syria-normalize-relations-by-december-31-2026-166, poly_israel-strike-on-the-west-bank-by-december-31-586, poly_israel-x-hamas-ceasefire-cancelled-by-march-31-2026-824, poly_israel-x-iran-ceasefire-broken-by-march-31-2026-312-682, poly_israel-x-turkey-military-clash-before-2027, poly_will-israel-strike-15-or-more-countries-in-2026, poly_will-israel-strike-3-countries-in-2026, poly_will-israel-strike-4-countries-in-november-2025, poly_will-israel-strike-greater-beirut-by-november-30-289, poly_will-the-us-invade-iran-before-2027","poly_israel-strikes-iran-by-november-30, poly_will-israel-strike-0-countries-in-november-2025, poly_will-israel-strike-1-country-in-november-2025, poly_will-israel-strike-4-or-more-countries-in-november-2025, poly_will-israel-strike-greater-beirut-by-december-31",,"poly_foreign-intervention-in-gaza-in-2025, poly_will-the-gazaisrael-conflict-be-the-1-searched-news-on-google-this-year, poly_will-the-israeliran-conflict-be-the-1-searched-news-on-google-this-year"
2026-01-01,ADIT-S3,13,0.4479966491692106,5,10,5,3,"poly_israel-strike-on-damascus-by-march-31-2026, poly_israel-strikes-iran-by-march-31-2026, poly_israel-x-hamas-ceasefire-phase-ii-by-june-30, poly_will-israel-strike-gaza-on-january-29-2026, poly_will-israel-strike-lebanon-on-january-11-2026","poly_foreign-intervention-in-gaza-in-2025, poly_houthi-strike-on-israel-by-december-31, poly_israel-and-indonesia-normalize-relations-by-december-31-2026-618-741, poly_israel-and-syria-normalize-relations-by-december-31-2026-166, poly_israel-strike-on-the-west-bank-by-december-31-586, poly_israel-x-hamas-ceasefire-cancelled-by-march-31-2026-824, poly_will-israel-strike-15-or-more-countries-in-2026, poly_will-israel-strike-greater-beirut-by-november-30-289, poly_will-the-gazaisrael-conflict-be-the-1-searched-news-on-google-this-year, poly_will-the-israeliran-conflict-be-the-1-searched-news-on-google-this-year","poly_israel-and-lebanon-normalize-relations-before-2027, poly_israel-and-saudi-arabia-normalize-relations-before-2027, poly_israel-x-iran-ceasefire-broken-by-march-31-2026-312-682, poly_israel-x-turkey-military-clash-before-2027, poly_will-the-us-invade-iran-before-2027","poly_hezbollah-strike-on-israel-by-march-31-737-523, poly_will-israel-strike-3-countries-in-2026, poly_will-israel-strike-4-countries-in-november-2025"
2026-02-01,ADIT-S3,18,0.36701118513894904,8,3,2,8,"poly_israel-strike-on-yemen-by-june-30-2026, poly_israel-x-hamas-ceasefire-cancelled-by-june-30, poly_us-x-iran-military-engagement-by-march-31, poly_will-israel-or-the-us-target-an-iranian-oil-or-gas-facility-786, poly_will-israel-or-the-us-target-tehran-812, poly_will-the-iranian-regime-survive-us-military-strikes-741, poly_will-the-us-conduct-a-cyberattack-on-iran-by-march-31, poly_will-us-or-israel-strike-iran-first","poly_will-israel-strike-4-countries-in-november-2025, poly_will-israel-strike-gaza-on-january-29-2026, poly_will-israel-strike-lebanon-on-january-11-2026","poly_hezbollah-strike-on-israel-by-march-31-737-523, poly_israel-x-turkey-military-clash-before-2027","poly_israel-and-lebanon-normalize-relations-before-2027, poly_israel-and-saudi-arabia-normalize-relations-before-2027, poly_israel-strike-on-damascus-by-march-31-2026, poly_israel-strikes-iran-by-march-31-2026, poly_israel-x-hamas-ceasefire-phase-ii-by-june-30, poly_israel-x-iran-ceasefire-broken-by-march-31-2026-312-682, poly_will-israel-strike-3-countries-in-2026, poly_will-the-us-invade-iran-before-2027"
2026-03-01,ADIT-S3,15,0.23970756699512863,2,5,13,0,"poly_will-france-uk-or-germany-strike-iran-by-june-30-259, poly_will-israel-strike-4-countries-in-november-2025","poly_israel-strikes-iran-by-march-31-2026, poly_israel-x-iran-ceasefire-broken-by-march-31-2026-312-682, poly_us-x-iran-military-engagement-by-march-31, poly_will-israel-or-the-us-target-an-iranian-oil-or-gas-facility-786, poly_will-israel-or-the-us-target-tehran-812","poly_hezbollah-strike-on-israel-by-march-31-737-523, poly_israel-and-lebanon-normalize-relations-before-2027, poly_israel-and-saudi-arabia-normalize-relations-before-2027, poly_israel-strike-on-damascus-by-march-31-2026, poly_israel-strike-on-yemen-by-june-30-2026, poly_israel-x-hamas-ceasefire-cancelled-by-june-30, poly_israel-x-hamas-ceasefire-phase-ii-by-june-30, poly_israel-x-turkey-military-clash-before-2027, poly_will-israel-strike-3-countries-in-2026, poly_will-the-iranian-regime-survive-us-military-strikes-741, poly_will-the-us-conduct-a-cyberattack-on-iran-by-march-31, poly_will-the-us-invade-iran-before-2027",
2022-03-01,ADIT-S4,1,0.385,1,0,0,0,poly_beijing-2022-winter-olympics-will-russia-have-any-medals-stripped-for-doping,,,
2022-05-01,ADIT-S4,1,0.77,1,1,0,0,poly_will-nancy-pelosi-visit-taiwan-before-june-2022,poly_beijing-2022-winter-olympics-will-russia-have-any-medals-stripped-for-doping,,
2022-08-01,ADIT-S4,1,0.77,1,1,0,0,poly_will-nancy-pelosi-visit-taiwan-before-september-2022,poly_will-nancy-pelosi-visit-taiwan-before-june-2022,,
2023-10-01,ADIT-S4,1,0.77,1,1,0,0,poly_will-canada-sanction-india-by-october-31,poly_will-nancy-pelosi-visit-taiwan-before-september-2022,,
2025-02-01,ADIT-S4,1,0.77,1,1,0,0,poly_will-trump-impose-tariffs-on-taiwan-in-the-first-100-days,poly_will-canada-sanction-india-by-october-31,,
2025-03-01,ADIT-S4,1,0.03284999999999999,0,0,1,0,,,poly_will-trump-impose-tariffs-on-taiwan-in-the-first-100-days,
2025-04-01,ADIT-S4,1,0.0036134999999999917,0,0,1,0,,,poly_will-trump-impose-tariffs-on-taiwan-in-the-first-100-days,
2025-05-01,ADIT-S4,2,0.8064635,2,1,0,0,"poly_us-china-trade-deal-before-june, poly_will-trump-lower-tariffs-on-china-by-may-31",poly_will-trump-impose-tariffs-on-taiwan-in-the-first-100-days,,
2025-06-01,ADIT-S4,2,0.77,2,2,0,0,"poly_us-china-tariff-agreement-before-90-day-deadline, poly_will-the-us-tariff-rate-on-china-be-between-40-and-60-on-august-15","poly_us-china-trade-deal-before-june, poly_will-trump-lower-tariffs-on-china-by-may-31",,
2025-07-01,ADIT-S4,2,0.03284999999999999,0,0,2,0,,,"poly_us-china-tariff-agreement-before-90-day-deadline, poly_will-the-us-tariff-rate-on-china-be-between-40-and-60-on-august-15",
2025-08-01,ADIT-S4,2,0.8028500000000001,2,2,0,0,"poly_will-china-invade-taiwan-before-2027, poly_will-trump-agree-to-a-tariff-agreement-with-china-in-august","poly_us-china-tariff-agreement-before-90-day-deadline, poly_will-the-us-tariff-rate-on-china-be-between-40-and-60-on-august-15",,
2025-09-01,ADIT-S4,2,0.385,1,1,0,0,poly_us-china-tariff-agreement-before-90-day-deadline-518,poly_will-trump-agree-to-a-tariff-agreement-with-china-in-august,,
2025-10-01,ADIT-S4,3,0.25195,1,0,0,2,poly_will-china-blockade-taiwan-by-december-31,,,"poly_us-china-tariff-agreement-before-90-day-deadline-518, poly_will-china-invade-taiwan-before-2027"
2025-11-01,ADIT-S4,3,0.26910483333333335,1,1,0,2,poly_will-trump-agree-to-a-tariff-agreement-with-china-by-november-30,poly_us-china-tariff-agreement-before-90-day-deadline-518,,"poly_will-china-blockade-taiwan-by-december-31, poly_will-china-invade-taiwan-before-2027"
2025-12-01,ADIT-S4,3,0.2602005105555555,1,1,0,2,poly_china-x-taiwan-military-clash-before-2027,poly_will-trump-agree-to-a-tariff-agreement-with-china-by-november-30,,"poly_will-china-blockade-taiwan-by-december-31, poly_will-china-invade-taiwan-before-2027"
2026-01-01,ADIT-S4,4,0.3898049683333334,2,1,0,2,"poly_will-china-blockade-taiwan-by-june-30, poly_will-china-invade-taiwan-by-june-30-2026",poly_will-china-blockade-taiwan-by-december-31,,"poly_china-x-taiwan-military-clash-before-2027, poly_will-china-invade-taiwan-before-2027"
2026-02-01,ADIT-S4,6,0.25195,2,0,0,4,"poly_taiwanese-premier-cho-jung-tai-out-by-june-30-2026, poly_us-agrees-to-a-new-trade-deal-with-taiwan-before-2027",,,"poly_china-x-taiwan-military-clash-before-2027, poly_will-china-blockade-taiwan-by-june-30, poly_will-china-invade-taiwan-before-2027, poly_will-china-invade-taiwan-by-june-30-2026"
2026-03-01,ADIT-S4,9,0.24325152777176176,3,0,0,6,"poly_will-the-us-federal-government-take-a-stake-in-taiwan-semiconductor-manufacturing-company-limited, poly_will-the-us-tariff-rate-on-china-be-between-15-and-25-on-march-31, poly_will-the-us-tariff-rate-on-china-be-between-5-and-15-on-march-31",,,"poly_china-x-taiwan-military-clash-before-2027, poly_taiwanese-premier-cho-jung-tai-out-by-june-30-2026, poly_us-agrees-to-a-new-trade-deal-with-taiwan-before-2027, poly_will-china-blockade-taiwan-by-june-30, poly_will-china-invade-taiwan-before-2027, poly_will-china-invade-taiwan-by-june-30-2026"
2022-02-01,ADIT-X3,4,0.385,4,0,0,0,"poly_will-annual-inflation-in-the-european-union-be-5p3-or-more-in-january, poly_will-annual-inflation-in-the-european-union-be-5p5-or-more-in-january, poly_will-annual-inflation-in-the-european-union-be-5p7-or-more-in-january, poly_will-the-next-recession-in-the-us-happen-by-q1-2022",,,
2022-03-01,ADIT-X3,1,0.5775,0,3,1,0,,"poly_will-annual-inflation-in-the-european-union-be-5p3-or-more-in-january, poly_will-annual-inflation-in-the-european-union-be-5p5-or-more-in-january, poly_will-annual-inflation-in-the-european-union-be-5p7-or-more-in-january",poly_will-the-next-recession-in-the-us-happen-by-q1-2022,
2022-04-01,ADIT-X3,1,0.03284999999999999,0,0,1,0,,,poly_will-the-next-recession-in-the-us-happen-by-q1-2022,
2022-07-01,ADIT-X3,4,0.8028500000000001,4,1,0,0,"poly_will-the-fed-set-interest-rates-above-2pt00-after-their-scheduled-july-meeting, poly_will-the-fed-set-interest-rates-above-2pt25-after-their-scheduled-july-meeting, poly_will-the-fed-set-interest-rates-above-2pt50-100-bips-or-more-after-their-scheduled-july-meeting, poly_will-there-be-a-recession-in-q2-of-2022",poly_will-the-next-recession-in-the-us-happen-by-q1-2022,,
2022-08-01,ADIT-X3,3,0.77,3,4,0,0,"poly_will-the-fed-increase-interest-rates-by-100-bps-after-their-september-meeting, poly_will-the-fed-increase-interest-rates-by-25-bps-after-their-september-meeting, poly_will-the-fed-increase-interest-rates-by-50-bps-after-their-september-meeting","poly_will-the-fed-set-interest-rates-above-2pt00-after-their-scheduled-july-meeting, poly_will-the-fed-set-interest-rates-above-2pt25-after-their-scheduled-july-meeting, poly_will-the-fed-set-interest-rates-above-2pt50-100-bips-or-more-after-their-scheduled-july-meeting, poly_will-there-be-a-recession-in-q2-of-2022",,
2022-10-01,ADIT-X3,1,0.77,1,3,0,0,poly_will-us-gdp-shrink-for-a-3rd-straight-quarter,"poly_will-the-fed-increase-interest-rates-by-100-bps-after-their-september-meeting, poly_will-the-fed-increase-interest-rates-by-25-bps-after-their-september-meeting, poly_will-the-fed-increase-interest-rates-by-50-bps-after-their-september-meeting",,
2022-11-01,ADIT-X3,4,0.77,4,1,0,0,"poly_will-credit-suisse-announce-they-are-filing-for-bankruptcy-before-2023, poly_will-the-fed-increase-interest-rates-by-100-bps-after-its-december-meeting, poly_will-the-fed-increase-interest-rates-by-25-bps-after-its-december-meeting, poly_will-the-fed-increase-interest-rates-by-50-bps-after-its-december-meeting",poly_will-us-gdp-shrink-for-a-3rd-straight-quarter,,
2022-12-01,ADIT-X3,2,0.5775,1,3,1,0,poly_will-genesis-announce-it-is-filing-for-bankruptcy-by-eoy,"poly_will-the-fed-increase-interest-rates-by-100-bps-after-its-december-meeting, poly_will-the-fed-increase-interest-rates-by-25-bps-after-its-december-meeting, poly_will-the-fed-increase-interest-rates-by-50-bps-after-its-december-meeting",poly_will-credit-suisse-announce-they-are-filing-for-bankruptcy-before-2023,
2023-01-01,ADIT-X3,3,0.7699999999999999,3,2,0,0,"poly_will-the-fed-increase-interest-rates-by-0-bps-after-its-february-meeting, poly_will-the-fed-increase-interest-rates-by-25-bps-after-its-february-meeting, poly_will-the-fed-increase-interest-rates-by-50-bps-after-its-february-meeting","poly_will-credit-suisse-announce-they-are-filing-for-bankruptcy-before-2023, poly_will-genesis-announce-it-is-filing-for-bankruptcy-by-eoy",,
2023-03-01,ADIT-X3,3,0.7699999999999999,3,3,0,0,"poly_will-the-fed-decrease-interest-rates-by-25-bps-after-its-march-meeting, poly_will-the-fed-increase-interest-rates-by-0-bps-after-its-march-meeting, poly_will-the-fed-increase-interest-rates-by-25-bps-after-its-march-meeting","poly_will-the-fed-increase-interest-rates-by-0-bps-after-its-february-meeting, poly_will-the-fed-increase-interest-rates-by-25-bps-after-its-february-meeting, poly_will-the-fed-increase-interest-rates-by-50-bps-after-its-february-meeting",,
2023-04-01,ADIT-X3,3,0.7699999999999999,3,3,0,0,"poly_will-the-fed-decrease-interest-rates-by-25-bps-after-its-may-meeting, poly_will-the-fed-increase-interest-rates-by-0-bps-after-its-may-meeting, poly_will-the-fed-increase-interest-rates-by-25-bps-after-its-may-meeting","poly_will-the-fed-decrease-interest-rates-by-25-bps-after-its-march-meeting, poly_will-the-fed-increase-interest-rates-by-0-bps-after-its-march-meeting, poly_will-the-fed-increase-interest-rates-by-25-bps-after-its-march-meeting",,
2023-05-01,ADIT-X3,2,0.7699999999999999,2,3,0,0,"poly_did-us-gdp-grow-1pt0-or-more-in-q2-2023, poly_did-us-gdp-grow-2pt0-or-more-in-q2-2023","poly_will-the-fed-decrease-interest-rates-by-25-bps-after-its-may-meeting, poly_will-the-fed-increase-interest-rates-by-0-bps-after-its-may-meeting, poly_will-the-fed-increase-interest-rates-by-25-bps-after-its-may-meeting",,
2023-06-01,ADIT-X3,2,0.03284999999999999,0,0,2,0,,,"poly_did-us-gdp-grow-1pt0-or-more-in-q2-2023, poly_did-us-gdp-grow-2pt0-or-more-in-q2-2023",
2023-07-01,ADIT-X3,2,0.0036134999999999917,0,0,2,0,,,"poly_did-us-gdp-grow-1pt0-or-more-in-q2-2023, poly_did-us-gdp-grow-2pt0-or-more-in-q2-2023",
2024-01-01,ADIT-X3,2,0.8064635,2,2,0,0,"poly_fed-rate-cut-by-january-31, poly_will-opensea-announce-bankruptcy-by-march-1","poly_did-us-gdp-grow-1pt0-or-more-in-q2-2023, poly_did-us-gdp-grow-2pt0-or-more-in-q2-2023",,
2024-02-01,ADIT-X3,4,0.5775,3,1,0,1,"poly_fed-rate-cut-by-march-20, poly_will-ftx-payouts-start-in-q1-2024, poly_will-the-fed-decrease-interest-rates-by-50-bps-after-its-march-2024-meeting",poly_fed-rate-cut-by-january-31,,poly_will-opensea-announce-bankruptcy-by-march-1
2024-03-01,ADIT-X3,5,0.6160000000000001,4,3,0,1,"poly_fed-rate-cut-by-july-31, poly_will-fed-cut-interest-rates-0-times-by-dec-meeting, poly_will-fed-cut-interest-rates-2-times-by-dec-meeting, poly_will-fed-cut-interest-rates-3-times-by-dec-meeting","poly_fed-rate-cut-by-march-20, poly_will-opensea-announce-bankruptcy-by-march-1, poly_will-the-fed-decrease-interest-rates-by-50-bps-after-its-march-2024-meeting",,poly_will-ftx-payouts-start-in-q1-2024
2024-04-01,ADIT-X3,6,0.385,3,2,0,3,"poly_fed-rate-cut-by-december-18, poly_will-ftx-payouts-start-in-q3-2024, poly_will-the-fed-decrease-interest-rates-by-50-bps-after-its-aprilmay-2024-meeting","poly_fed-rate-cut-by-july-31, poly_will-ftx-payouts-start-in-q1-2024",,"poly_will-fed-cut-interest-rates-0-times-by-dec-meeting, poly_will-fed-cut-interest-rates-2-times-by-dec-meeting, poly_will-fed-cut-interest-rates-3-times-by-dec-meeting"
2024-11-01,ADIT-X3,1,0.7700000000000001,1,6,0,0,poly_50-bps-decrease-in-ecb-interest-rates-after-2024-december-meeting,"poly_fed-rate-cut-by-december-18, poly_will-fed-cut-interest-rates-0-times-by-dec-meeting, poly_will-fed-cut-interest-rates-2-times-by-dec-meeting, poly_will-fed-cut-interest-rates-3-times-by-dec-meeting, poly_will-ftx-payouts-start-in-q3-2024, poly_will-the-fed-decrease-interest-rates-by-50-bps-after-its-aprilmay-2024-meeting",,
2025-01-01,ADIT-X3,3,0.7699999999999999,3,1,0,0,"poly_will-powell-say-inflation-50-or-more-times-during-january-press-conference, poly_will-powell-say-inflation-60-or-more-times-during-january-press-conference, poly_will-powell-say-unemployment-8-or-more-times-during-january-press-conference",poly_50-bps-decrease-in-ecb-interest-rates-after-2024-december-meeting,,
2025-02-01,ADIT-X3,4,0.77,4,3,0,0,"poly_will-jerome-powell-say-inflation-40-or-more-times-during-the-march-meeting1, poly_will-jerome-powell-say-inflation-50-or-more-times-during-the-march-meeting1, poly_will-jerome-powell-say-unemployment-8-or-more-times-during-the-march-meeting1, poly_will-trump-say-inflation-10-times-during-the-2025-state-of-the-union","poly_will-powell-say-inflation-50-or-more-times-during-january-press-conference, poly_will-powell-say-inflation-60-or-more-times-during-january-press-conference, poly_will-powell-say-unemployment-8-or-more-times-during-january-press-conference",,
2025-03-01,ADIT-X3,6,0.77,6,4,0,0,"poly_will-annual-inflation-increase-by-2pt8-in-february, poly_will-annual-inflation-increase-by-2pt9-in-february, poly_will-annual-inflation-increase-by-3pt0-in-february, poly_will-monthly-inflation-increase-by-0pt2-in-february, poly_will-monthly-inflation-increase-by-0pt3-in-february, poly_will-monthly-inflation-increase-by-0pt4-in-february","poly_will-jerome-powell-say-inflation-40-or-more-times-during-the-march-meeting1, poly_will-jerome-powell-say-inflation-50-or-more-times-during-the-march-meeting1, poly_will-jerome-powell-say-unemployment-8-or-more-times-during-the-march-meeting1, poly_will-trump-say-inflation-10-times-during-the-2025-state-of-the-union",,
2025-04-01,ADIT-X3,8,0.7699999999999999,8,6,0,0,"poly_brazil-unemployment-below-6pt3-for-q4-2025, poly_negative-gdp-growth-in-q1-2025, poly_will-jerome-powell-say-inflation-60-or-more-times-during-the-may-meeting, poly_will-jerome-powell-say-recession-during-the-may-meeting, poly_will-jerome-powell-say-unemployment-8-or-more-times-during-the-may-meeting, poly_will-us-gdp-growth-be-between-1-and-0-in-q1-2025, poly_will-us-gdp-growth-be-between-1-and-2-in-q1-2025, poly_will-us-gdp-growth-be-less-than-2-in-q1-2025","poly_will-annual-inflation-increase-by-2pt8-in-february, poly_will-annual-inflation-increase-by-2pt9-in-february, poly_will-annual-inflation-increase-by-3pt0-in-february, poly_will-monthly-inflation-increase-by-0pt2-in-february, poly_will-monthly-inflation-increase-by-0pt3-in-february, poly_will-monthly-inflation-increase-by-0pt4-in-february",,
2025-05-01,ADIT-X3,6,0.6737500000000001,5,7,1,0,"poly_negative-gdp-growth-in-2025, poly_will-the-next-pope-after-francis-be-from-the-philippines, poly_will-us-gdp-growth-in-q2-2025-be-between-1-and-0, poly_will-us-gdp-growth-in-q2-2025-be-between-1-and-2, poly_will-us-gdp-growth-in-q2-2025-be-greater-than-2","poly_negative-gdp-growth-in-q1-2025, poly_will-jerome-powell-say-inflation-60-or-more-times-during-the-may-meeting, poly_will-jerome-powell-say-recession-during-the-may-meeting, poly_will-jerome-powell-say-unemployment-8-or-more-times-during-the-may-meeting, poly_will-us-gdp-growth-be-between-1-and-0-in-q1-2025, poly_will-us-gdp-growth-be-between-1-and-2-in-q1-2025, poly_will-us-gdp-growth-be-less-than-2-in-q1-2025",poly_brazil-unemployment-below-6pt3-for-q4-2025,
2025-06-01,ADIT-X3,5,0.14706666666666662,0,1,5,0,,poly_will-the-next-pope-after-francis-be-from-the-philippines,"poly_brazil-unemployment-below-6pt3-for-q4-2025, poly_negative-gdp-growth-in-2025, poly_will-us-gdp-growth-in-q2-2025-be-between-1-and-0, poly_will-us-gdp-growth-in-q2-2025-be-between-1-and-2, poly_will-us-gdp-growth-in-q2-2025-be-greater-than-2",
2025-07-01,ADIT-X3,6,0.5320666666666667,4,3,0,2,"poly_will-powell-say-employment-unemployment-20-times-during-july-press-conference, poly_will-powell-say-inflation-60-times-during-july-press-conference, poly_will-powell-say-recession-during-july-press-conference, poly_will-the-bank-of-canada-announce-a-50-bps-decrease-at-the-july-meeting","poly_will-us-gdp-growth-in-q2-2025-be-between-1-and-0, poly_will-us-gdp-growth-in-q2-2025-be-between-1-and-2, poly_will-us-gdp-growth-in-q2-2025-be-greater-than-2",,"poly_brazil-unemployment-below-6pt3-for-q4-2025, poly_negative-gdp-growth-in-2025"
2025-08-01,ADIT-X3,4,0.5133333333333333,2,4,2,0,"poly_will-powell-say-inflation-40-times-during-september-press-conference, poly_will-powell-say-inflation-60-times-during-september-press-conference","poly_will-powell-say-employment-unemployment-20-times-during-july-press-conference, poly_will-powell-say-inflation-60-times-during-july-press-conference, poly_will-powell-say-recession-during-july-press-conference, poly_will-the-bank-of-canada-announce-a-50-bps-decrease-at-the-july-meeting","poly_brazil-unemployment-below-6pt3-for-q4-2025, poly_negative-gdp-growth-in-2025",
2025-09-01,ADIT-X3,6,0.77,6,4,0,0,"poly_will-us-gdp-growth-in-2025-be-between-1pt0-and-1pt5, poly_will-us-gdp-growth-in-2025-be-between-1pt5-and-2pt0, poly_will-us-gdp-growth-in-2025-be-greater-than-2pt5, poly_will-us-gdp-growth-in-q2-2025-be-between-2pt0-and-2pt5-481, poly_will-us-gdp-growth-in-q2-2025-be-between-3pt0-and-3pt5-533, poly_will-us-gdp-growth-in-q2-2025-be-greater-than-3pt5-299","poly_brazil-unemployment-below-6pt3-for-q4-2025, poly_negative-gdp-growth-in-2025, poly_will-powell-say-inflation-40-times-during-september-press-conference, poly_will-powell-say-inflation-60-times-during-september-press-conference",,
2025-10-01,ADIT-X3,8,0.1813,2,0,0,6,"poly_us-recession-by-end-of-2026, poly_will-the-fed-cut-pause-cut-in-2025-858",,,"poly_will-us-gdp-growth-in-2025-be-between-1pt0-and-1pt5, poly_will-us-gdp-growth-in-2025-be-between-1pt5-and-2pt0, poly_will-us-gdp-growth-in-2025-be-greater-than-2pt5, poly_will-us-gdp-growth-in-q2-2025-be-between-2pt0-and-2pt5-481, poly_will-us-gdp-growth-in-q2-2025-be-between-3pt0-and-3pt5-533, poly_will-us-gdp-growth-in-q2-2025-be-greater-than-3pt5-299"
2025-11-01,ADIT-X3,9,0.43954676806083653,5,4,0,4,"poly_bank-of-japan-decreases-interest-rates-after-december-2025-meeting, poly_bank-of-japan-increases-interest-rates-by-50-bps-after-december-2025-meeting, poly_will-us-gdp-growth-in-q4-2025-be-between-2pt0-and-2pt5, poly_will-us-gdp-growth-in-q4-2025-be-between-3pt0-and-3pt5, poly_will-us-gdp-growth-in-q4-2025-be-greater-than-3pt5","poly_will-the-fed-cut-pause-cut-in-2025-858, poly_will-us-gdp-growth-in-q2-2025-be-between-2pt0-and-2pt5-481, poly_will-us-gdp-growth-in-q2-2025-be-between-3pt0-and-3pt5-533, poly_will-us-gdp-growth-in-q2-2025-be-greater-than-3pt5-299",,"poly_us-recession-by-end-of-2026, poly_will-us-gdp-growth-in-2025-be-between-1pt0-and-1pt5, poly_will-us-gdp-growth-in-2025-be-between-1pt5-and-2pt0, poly_will-us-gdp-growth-in-2025-be-greater-than-2pt5"
2025-12-01,ADIT-X3,16,0.6108075,13,6,0,3,"poly_bank-of-japan-increases-interest-rates-by-25-bps-after-january-2026-meeting, poly_canada-recession-before-2027, poly_no-change-in-bank-of-japans-interest-rates-after-january-2026-meeting, poly_will-the-fed-pausecutpause-in-the-next-three-decisions-decjanmar, poly_will-the-fed-pausepausecut-in-the-next-three-decisions-decjanmar, poly_will-the-fed-pausepausepause-in-the-next-three-decisions-decjanmar, poly_will-uk-gdp-growth-in-q4-2025-be-between-0-and-0pt5, poly_will-uk-gdp-growth-in-q4-2025-be-between-0pt5-and-1pt0, poly_will-uk-gdp-growth-in-q4-2025-be-negative, poly_will-us-gdp-growth-in-2026-be-between-0pt5-and-1pt0, poly_will-us-gdp-growth-in-2026-be-greater-than-2pt5, poly_will-us-gdp-growth-in-2026-be-less-than-0pt5, poly_will-us-gdp-growth-in-q4-2025-be-between-1pt0-and-1pt5","poly_bank-of-japan-decreases-interest-rates-after-december-2025-meeting, poly_bank-of-japan-increases-interest-rates-by-50-bps-after-december-2025-meeting, poly_will-us-gdp-growth-in-2025-be-between-1pt0-and-1pt5, poly_will-us-gdp-growth-in-2025-be-between-1pt5-and-2pt0, poly_will-us-gdp-growth-in-2025-be-greater-than-2pt5, poly_will-us-gdp-growth-in-q4-2025-be-between-2pt0-and-2pt5",,"poly_us-recession-by-end-of-2026, poly_will-us-gdp-growth-in-q4-2025-be-between-3pt0-and-3pt5, poly_will-us-gdp-growth-in-q4-2025-be-greater-than-3pt5"
2026-01-01,ADIT-X3,18,0.465968253968254,11,9,0,7,"poly_ecb-rate-cut-in-2026, poly_ecb-rate-hike-in-2026, poly_will-annual-inflation-increase-by-2pt9-in-january, poly_will-annual-inflation-increase-by-3pt0-in-january, poly_will-donald-trump-announce-a-new-nominee-for-chair-of-the-federal-reserve-by-january-31-2026-849-849-957-245, poly_will-monthly-inflation-increase-by-0pt1-or-less-in-january-157, poly_will-monthly-inflation-increase-by-0pt3-in-january-418, poly_will-the-fed-cutcutpause-in-the-next-three-decisions-decjanmar, poly_will-the-fed-pausepausepause-in-the-next-three-decisions-janmarapr, poly_will-us-gdp-growth-in-2025-be-between-1pt0-and-1pt5, poly_will-us-gdp-growth-in-q1-2026-be-between-1pt5-and-2pt0","poly_bank-of-japan-increases-interest-rates-by-25-bps-after-january-2026-meeting, poly_will-the-fed-pausecutpause-in-the-next-three-decisions-decjanmar, poly_will-the-fed-pausepausecut-in-the-next-three-decisions-decjanmar, poly_will-the-fed-pausepausepause-in-the-next-three-decisions-decjanmar, poly_will-uk-gdp-growth-in-q4-2025-be-between-0-and-0pt5, poly_will-us-gdp-growth-in-2026-be-between-0pt5-and-1pt0, poly_will-us-gdp-growth-in-2026-be-less-than-0pt5, poly_will-us-gdp-growth-in-q4-2025-be-between-1pt0-and-1pt5, poly_will-us-gdp-growth-in-q4-2025-be-greater-than-3pt5",,"poly_canada-recession-before-2027, poly_no-change-in-bank-of-japans-interest-rates-after-january-2026-meeting, poly_us-recession-by-end-of-2026, poly_will-uk-gdp-growth-in-q4-2025-be-between-0pt5-and-1pt0, poly_will-uk-gdp-growth-in-q4-2025-be-negative, poly_will-us-gdp-growth-in-2026-be-greater-than-2pt5, poly_will-us-gdp-growth-in-q4-2025-be-between-3pt0-and-3pt5"
2026-02-01,ADIT-X3,18,0.5914900793650794,13,13,0,2,"poly_march-fed-derivative-25bps-cut-flips-pause-by-feb-28, poly_no-change-in-bank-of-japans-interest-rates-after-march-2026-meeting, poly_will-canada-have-the-highest-unemployment-rate-since-2016-this-year, poly_will-canadas-2026-inflation-be-at-least-4pt0, poly_will-eurozone-annual-gdp-growth-in-2026-be-between-1pt0-and-2pt0, poly_will-eurozone-gdp-growth-in-q1-2026-be-at-least-2pt5, poly_will-germany-gdp-growth-in-q1-2026-be-between-0pt4-and-0pt6, poly_will-kevin-warsh-be-formally-nominated-to-be-chair-of-the-federal-reserve-by-february-6-2026, poly_will-the-eurozones-2026-annual-inflation-be-between-1pt9-and-2pt1, poly_will-the-uks-2026-inflation-be-at-least-4pt5, poly_will-uk-annual-gdp-growth-in-2026-be-below-0, poly_will-us-gdp-growth-in-2026-be-between-0pt5-and-1pt0, poly_will-us-gdp-growth-in-q1-2026-be-greater-than-3pt5","poly_no-change-in-bank-of-japans-interest-rates-after-january-2026-meeting, poly_will-annual-inflation-increase-by-2pt9-in-january, poly_will-annual-inflation-increase-by-3pt0-in-january, poly_will-donald-trump-announce-a-new-nominee-for-chair-of-the-federal-reserve-by-january-31-2026-849-849-957-245, poly_will-monthly-inflation-increase-by-0pt1-or-less-in-january-157, poly_will-monthly-inflation-increase-by-0pt3-in-january-418, poly_will-the-fed-cutcutpause-in-the-next-three-decisions-decjanmar, poly_will-uk-gdp-growth-in-q4-2025-be-between-0pt5-and-1pt0, poly_will-uk-gdp-growth-in-q4-2025-be-negative, poly_will-us-gdp-growth-in-2025-be-between-1pt0-and-1pt5, poly_will-us-gdp-growth-in-2026-be-greater-than-2pt5, poly_will-us-gdp-growth-in-q1-2026-be-between-1pt5-and-2pt0, poly_will-us-gdp-growth-in-q4-2025-be-between-3pt0-and-3pt5",,"poly_canada-recession-before-2027, poly_us-recession-by-end-of-2026"
2026-03-01,ADIT-X3,18,0.14087244881818467,3,3,7,8,"poly_will-annual-inflation-increase-by-2pt8-in-march, poly_will-japan-gdp-growth-in-q1-2026-be-less-than-or-equal-to-0pt4, poly_will-uk-gdp-growth-in-q1-2026-be-between-0pt6-and-0pt9","poly_march-fed-derivative-25bps-cut-flips-pause-by-feb-28, poly_no-change-in-bank-of-japans-interest-rates-after-march-2026-meeting, poly_will-kevin-warsh-be-formally-nominated-to-be-chair-of-the-federal-reserve-by-february-6-2026","poly_canada-recession-before-2027, poly_us-recession-by-end-of-2026, poly_will-canada-have-the-highest-unemployment-rate-since-2016-this-year, poly_will-eurozone-annual-gdp-growth-in-2026-be-between-1pt0-and-2pt0, poly_will-eurozone-gdp-growth-in-q1-2026-be-at-least-2pt5, poly_will-germany-gdp-growth-in-q1-2026-be-between-0pt4-and-0pt6, poly_will-us-gdp-growth-in-q1-2026-be-greater-than-3pt5","poly_ecb-rate-cut-in-2026, poly_ecb-rate-hike-in-2026, poly_will-canadas-2026-inflation-be-at-least-4pt0, poly_will-the-eurozones-2026-annual-inflation-be-between-1pt9-and-2pt1, poly_will-the-fed-pausepausepause-in-the-next-three-decisions-janmarapr, poly_will-the-uks-2026-inflation-be-at-least-4pt5, poly_will-uk-annual-gdp-growth-in-2026-be-below-0, poly_will-us-gdp-growth-in-2026-be-between-0pt5-and-1pt0"
2022-02-01,ADIT-X4,15,0.41000000000000014,15,0,0,0,"poly_will-a-vaccine-specifically-targeting-the-omicron-variant-be-available-for-access-by-the-us-population-before-april-1-2022, poly_will-france-have-a-higher-covid-19-case-average-per-capita-than-the-us-italy-and-spain-on-march-1st, poly_will-italy-have-a-higher-covid-19-case-average-per-capita-than-the-us-france-and-spain-on-march-1st, poly_will-spain-have-a-higher-covid-19-case-average-per-capita-than-the-us-france-and-italy-on-march-1st, poly_will-the-7-day-covid-19-case-average-be-below-100000-by-may-1-2022, poly_will-the-7-day-covid-19-case-average-in-the-usa-be-above-150000-on-march-1-2022, poly_will-the-7-day-covid-19-case-average-in-the-usa-be-above-200000-on-march-1-2022, poly_will-the-7-day-covid-19-case-average-in-the-usa-be-above-250000-on-march-1-2022, poly_will-the-7-day-covid-19-case-average-in-the-usa-be-above-300000-on-march-1-2022, poly_will-the-7-day-covid-19-case-average-in-the-usa-be-above-400000-on-march-1-2022, poly_will-the-7-day-covid-19-case-average-in-the-usa-be-above-50000-on-march-1-2022, poly_will-the-cdc-declare-a-variant-of-high-consequence-by-april-1-2022, poly_will-the-us-7-day-average-of-covid-19-cases-on-february-11-be-higher-than-on-february-18, poly_will-the-us-7-day-average-of-covid-19-cases-on-february-18-be-higher-than-on-february-25, poly_will-the-us-have-a-higher-covid-19-case-average-per-capita-than-france-italy-and-spain-on-march-1st",,,
2022-03-01,ADIT-X4,6,0.7128836879432625,4,13,2,0,"poly_will-ecdc-announce-a-new-covid-19-variant-of-concern-before-august-2022, poly_will-the-7-day-covid-19-case-average-be-below-100000-by-april-1-2022, poly_will-the-7-day-covid-19-case-average-in-the-usa-be-below-25000-by-april-1, poly_will-the-7-day-covid-19-case-average-in-the-usa-be-below-50000-by-april-1-2022","poly_will-france-have-a-higher-covid-19-case-average-per-capita-than-the-us-italy-and-spain-on-march-1st, poly_will-italy-have-a-higher-covid-19-case-average-per-capita-than-the-us-france-and-spain-on-march-1st, poly_will-spain-have-a-higher-covid-19-case-average-per-capita-than-the-us-france-and-italy-on-march-1st, poly_will-the-7-day-covid-19-case-average-be-below-100000-by-may-1-2022, poly_will-the-7-day-covid-19-case-average-in-the-usa-be-above-150000-on-march-1-2022, poly_will-the-7-day-covid-19-case-average-in-the-usa-be-above-200000-on-march-1-2022, poly_will-the-7-day-covid-19-case-average-in-the-usa-be-above-250000-on-march-1-2022, poly_will-the-7-day-covid-19-case-average-in-the-usa-be-above-300000-on-march-1-2022, poly_will-the-7-day-covid-19-case-average-in-the-usa-be-above-400000-on-march-1-2022, poly_will-the-7-day-covid-19-case-average-in-the-usa-be-above-50000-on-march-1-2022, poly_will-the-us-7-day-average-of-covid-19-cases-on-february-11-be-higher-than-on-february-18, poly_will-the-us-7-day-average-of-covid-19-cases-on-february-18-be-higher-than-on-february-25, poly_will-the-us-have-a-higher-covid-19-case-average-per-capita-than-france-italy-and-spain-on-march-1st","poly_will-a-vaccine-specifically-targeting-the-omicron-variant-be-available-for-access-by-the-us-population-before-april-1-2022, poly_will-the-cdc-declare-a-variant-of-high-consequence-by-april-1-2022",
2022-04-01,ADIT-X4,3,0.6416666666666666,2,5,1,0,"poly_will-the-7-day-covid-19-case-average-in-the-usa-be-below-25000-by-may-1st-2022, poly_will-the-cdc-declare-a-variant-of-high-consequence-by-august-1-2022","poly_will-a-vaccine-specifically-targeting-the-omicron-variant-be-available-for-access-by-the-us-population-before-april-1-2022, poly_will-the-7-day-covid-19-case-average-be-below-100000-by-april-1-2022, poly_will-the-7-day-covid-19-case-average-in-the-usa-be-below-25000-by-april-1, poly_will-the-7-day-covid-19-case-average-in-the-usa-be-below-50000-by-april-1-2022, poly_will-the-cdc-declare-a-variant-of-high-consequence-by-april-1-2022",poly_will-ecdc-announce-a-new-covid-19-variant-of-concern-before-august-2022,
2022-05-01,ADIT-X4,6,0.5133333333333333,4,1,0,2,"poly_will-the-7-day-covid-19-case-average-in-the-usa-be-above-100000-again-by-august-1-2022, poly_will-the-7-day-covid-19-case-average-in-the-usa-be-above-50000-again-by-august-1-2022, poly_will-the-7-day-covid-19-case-average-in-the-usa-be-below-10000-by-december-31, poly_will-the-7-day-covid-19-case-average-in-the-usa-be-below-20000-by-may-31",poly_will-the-7-day-covid-19-case-average-in-the-usa-be-below-25000-by-may-1st-2022,,"poly_will-ecdc-announce-a-new-covid-19-variant-of-concern-before-august-2022, poly_will-the-cdc-declare-a-variant-of-high-consequence-by-august-1-2022"
2022-06-01,ADIT-X4,5,0.2612833333333333,1,2,4,0,poly_will-the-7-day-covid-19-case-average-in-the-usa-be-above-200000-again-by-august-1-2022,"poly_will-the-7-day-covid-19-case-average-in-the-usa-be-above-50000-again-by-august-1-2022, poly_will-the-7-day-covid-19-case-average-in-the-usa-be-below-20000-by-may-31","poly_will-ecdc-announce-a-new-covid-19-variant-of-concern-before-august-2022, poly_will-the-7-day-covid-19-case-average-in-the-usa-be-above-100000-again-by-august-1-2022, poly_will-the-7-day-covid-19-case-average-in-the-usa-be-below-10000-by-december-31, poly_will-the-cdc-declare-a-variant-of-high-consequence-by-august-1-2022",
2022-07-01,ADIT-X4,4,0.16744470000000006,0,1,4,0,,poly_will-the-7-day-covid-19-case-average-in-the-usa-be-above-100000-again-by-august-1-2022,"poly_will-ecdc-announce-a-new-covid-19-variant-of-concern-before-august-2022, poly_will-the-7-day-covid-19-case-average-in-the-usa-be-above-200000-again-by-august-1-2022, poly_will-the-7-day-covid-19-case-average-in-the-usa-be-below-10000-by-december-31, poly_will-the-cdc-declare-a-variant-of-high-consequence-by-august-1-2022",
2022-08-01,ADIT-X4,1,0.58560735,0,3,1,0,,"poly_will-ecdc-announce-a-new-covid-19-variant-of-concern-before-august-2022, poly_will-the-7-day-covid-19-case-average-in-the-usa-be-above-200000-again-by-august-1-2022, poly_will-the-cdc-declare-a-variant-of-high-consequence-by-august-1-2022",poly_will-the-7-day-covid-19-case-average-in-the-usa-be-below-10000-by-december-31,
2022-09-01,ADIT-X4,1,0.03284999999999999,0,0,1,0,,,poly_will-the-7-day-covid-19-case-average-in-the-usa-be-below-10000-by-december-31,
2022-10-01,ADIT-X4,1,0.0036134999999999917,0,0,1,0,,,poly_will-the-7-day-covid-19-case-average-in-the-usa-be-below-10000-by-december-31,
2022-11-01,ADIT-X4,1,0.00039748500000003073,0,0,1,0,,,poly_will-the-7-day-covid-19-case-average-in-the-usa-be-below-10000-by-december-31,
2022-12-01,ADIT-X4,1,4.3723349999968963e-05,0,0,1,0,,,poly_will-the-7-day-covid-19-case-average-in-the-usa-be-below-10000-by-december-31,
2025-07-01,ADIT-X4,1,0.80690470835,1,1,0,0,poly_will-powell-say-pandemic-during-july-press-conference,poly_will-the-7-day-covid-19-case-average-in-the-usa-be-below-10000-by-december-31,,
2025-08-01,ADIT-X4,1,0.77,1,1,0,0,poly_will-powell-say-pandemic-during-september-press-conference-253,poly_will-powell-say-pandemic-during-july-press-conference,,
2025-10-01,ADIT-X4,6,0.7700000000000001,6,1,0,0,"poly_1550-measles-cases-in-us-by-october-31, poly_1600-measles-cases-in-us-by-october-31, poly_will-there-be-at-least-1750-measles-cases-in-the-us-in-2025-613-814, poly_will-there-be-between-1650-and-1699-measles-cases-in-the-us-on-december-31, poly_will-there-be-between-1700-and-1749-measles-cases-in-the-us-on-december-31, poly_will-there-be-between-1750-and-1799-measles-cases-in-the-us-on-december-31",poly_will-powell-say-pandemic-during-september-press-conference-253,,
2025-11-01,ADIT-X4,4,0.2612833333333333,0,2,4,0,,"poly_1550-measles-cases-in-us-by-october-31, poly_1600-measles-cases-in-us-by-october-31","poly_will-there-be-at-least-1750-measles-cases-in-the-us-in-2025-613-814, poly_will-there-be-between-1650-and-1699-measles-cases-in-the-us-on-december-31, poly_will-there-be-between-1700-and-1749-measles-cases-in-the-us-on-december-31, poly_will-there-be-between-1750-and-1799-measles-cases-in-the-us-on-december-31",
2025-12-01,ADIT-X4,4,0.5821166666666667,3,3,0,1,"poly_new-covid-variant-of-concern-before-2027, poly_will-there-be-at-least-10000-measles-cases-in-the-us-in-2026-418-668-617, poly_will-there-be-at-least-5000-measles-cases-in-the-us-in-2026-436-426","poly_will-there-be-at-least-1750-measles-cases-in-the-us-in-2025-613-814, poly_will-there-be-between-1650-and-1699-measles-cases-in-the-us-on-december-31, poly_will-there-be-between-1700-and-1749-measles-cases-in-the-us-on-december-31",,poly_will-there-be-between-1750-and-1799-measles-cases-in-the-us-on-december-31
2026-01-01,ADIT-X4,4,0.204175,1,1,3,0,poly_new-pandemic-in-2026,poly_will-there-be-between-1750-and-1799-measles-cases-in-the-us-on-december-31,"poly_new-covid-variant-of-concern-before-2027, poly_will-there-be-at-least-10000-measles-cases-in-the-us-in-2026-418-668-617, poly_will-there-be-at-least-5000-measles-cases-in-the-us-in-2026-436-426",
2026-02-01,ADIT-X4,10,0.44366539735099336,6,0,0,4,"poly_bra-pal-flu-2026-02-25-draw, poly_bra-pal-flu-2026-02-25-flu, poly_bra-pal-flu-2026-02-25-pal, poly_new-coronavirus-pandemic-in-2026, poly_will-there-be-at-least-12500-measles-cases-in-the-us-in-2026-512-499, poly_will-there-be-at-least-7500-measles-cases-in-the-us-in-2026-287-181",,,"poly_new-covid-variant-of-concern-before-2027, poly_new-pandemic-in-2026, poly_will-there-be-at-least-10000-measles-cases-in-the-us-in-2026-418-668-617, poly_will-there-be-at-least-5000-measles-cases-in-the-us-in-2026-436-426"
2026-03-01,ADIT-X4,10,0.2848583731345117,4,4,2,4,"poly_will-there-be-at-least-1600-measles-cases-in-the-us-by-march-31-2026-795, poly_will-there-be-at-least-3000-measles-cases-in-the-us-in-2026-346, poly_will-there-be-at-least-4000-measles-cases-in-the-us-in-2026, poly_will-trump-say-china-virus-or-wuhan-lab-in-march","poly_bra-pal-flu-2026-02-25-draw, poly_bra-pal-flu-2026-02-25-flu, poly_bra-pal-flu-2026-02-25-pal, poly_will-there-be-at-least-12500-measles-cases-in-the-us-in-2026-512-499","poly_new-coronavirus-pandemic-in-2026, poly_new-pandemic-in-2026","poly_new-covid-variant-of-concern-before-2027, poly_will-there-be-at-least-10000-measles-cases-in-the-us-in-2026-418-668-617, poly_will-there-be-at-least-5000-measles-cases-in-the-us-in-2026-436-426, poly_will-there-be-at-least-7500-measles-cases-in-the-us-in-2026-287-181"
